gj04	1		our friends wo n't buy this analysis , let alone the next one we propose .
gj04	1		one more pseudo generalization and i 'm giving up .
gj04	1		one more pseudo generalization or i 'm giving up .
gj04	1		the more we study verbs , the crazier they get .
gj04	1		day by day the facts are getting murkier .
gj04	1		i 'll fix you a drink .
gj04	1		fred watered the plants flat .
gj04	1		bill coughed his way out of the restaurant .
gj04	1		we 're dancing the night away .
gj04	1		herman hammered the metal flat .
gj04	1		the critics laughed the play off the stage .
gj04	1		the pond froze solid .
gj04	1		bill rolled out of the room .
gj04	1		the gardener watered the flowers flat .
gj04	1		the gardener watered the flowers .
gj04	1		bill broke the bathtub into pieces .
gj04	1		bill broke the bathtub .
gj04	1		they drank the pub dry .
gj04	0	*	they drank the pub .
gj04	1		the professor talked us into a stupor .
gj04	0	*	the professor talked us .
gj04	1		we yelled ourselves hoarse .
gj04	0	*	we yelled ourselves .
gj04	0	*	we yelled harry hoarse .
gj04	1		harry coughed himself into a fit .
gj04	0	*	harry coughed himself .
gj04	0	*	harry coughed us into a fit .
gj04	1		bill followed the road into the forest .
gj04	1		we drove highway 5 from sd to sf .
gj04	1		fred tracked the leak to its source .
gj04	1		john danced waltzes across the room .
gj04	1		bill urinated out the window .
gj04	1		bill coughed out the window .
gj04	1		bill bled on the floor .
gj04	1		the toilet leaked through the floor into the kitchen below .
gj04	1		bill ate off the floor .
gj04	1		bill drank from the hose .
gj04	1		this metal hammers flat easily .
gj04	1		they made him president .
gj04	1		they made him angry .
gj04	0	*	they caused him to become angry by making him .
gj04	0	*	they caused him to become president by making him .
gj04	0	*	they made him to exhaustion .
gj04	1		they made him into a monster .
gj04	1		the trolley rumbled through the tunnel .
gj04	1		the wagon rumbled down the road .
gj04	1		the bullets whistled past the house .
gj04	1		the knee replacement candidate groaned up the stairs .
gj04	0	*	the car honked down the road .
gj04	0	*	the dog barked out of the room .
gj04	1		the dog barked its way out of the room .
gj04	1		bill whistled his way past the house .
gj04	1		the witch vanished into the forest .
gj04	1		bill disappeared down the road .
gj04	0	*	the witch went into the forest by vanishing .
gj04	1		the witch went into the forest and thereby vanished .
gj04	1		the building is tall and wide .
gj04	0	*	the building is tall and tall .
gj04	1		this building is taller and wider than that one .
gj04	1		this building got taller and wider than that one .
gj04	1		this building got taller and taller .
gj04	0	*	this building is taller and taller .
gj04	0	*	this building got than that one .
gj04	0	*	this building is than that one .
gj04	1		bill floated into the cave .
gj04	0	*?	bill floated into the cave for hours .
gj04	0	*?	bill pushed harry off the sofa for hours .
gj04	1		bill floated down the river for hours .
gj04	1		bill floated down the river .
gj04	1		bill pushed harry along the trail for hours .
gj04	1		bill pushed harry along the trail .
gj04	1		the road zigzagged down the hill .
gj04	1		the rope stretched over the pulley .
gj04	1		the weights stretched the rope over the pulley .
gj04	1		the weights kept the rope stretched over the pulley .
gj04	1		sam cut himself free .
gj04	1		sam got free by cutting his finger .
gj04	1		bill cried himself to sleep .
gj04	0	*	bill cried sue to sleep .
gj04	1		bill squeezed himself through the hole .
gj04	1		bill sang himself to sleep .
gj04	1		bill squeezed the puppet through the hole .
gj04	1		bill sang sue to sleep .
gj04	0	*	the elevator rumbled itself to the ground .
gj04	1		if the telephone rang , it could ring itself silly .
gj04	0	*	she yelled hoarse .
gj04	0	*	ted cried to sleep .
gj04	1		the tiger bled to death .
gj04	1		he coughed awake and we were all overjoyed , especially sierra .
gj04	1		john coughed awake , rubbing his nose and cursing under his breath .
gj04	1		john coughed himself awake on the bank of the lake where he and bill had their play .
gj04	1		ron yawned himself awake .
gj04	1		she coughed herself awake as the leaf landed on her nose .
gj04	1		the worm wriggled onto the carpet .
gj04	1		the chocolate melted onto the carpet .
gj04	0	*	the ball wriggled itself loose .
gj04	1		bill wriggled himself loose .
gj04	1		aliza wriggled her tooth loose .
gj04	1		the off center spinning flywheel shook itself loose .
cj99	1		the more you eat , the less you want .
cj99	1		if you eat more , you want correspondingly less .
cj99	1		when you eat more , you want correspondingly less .
cj99	1		as you eat more , you want correspondingly less .
cj99	0	*	the most you want , the least you eat .
cj99	1		the angrier sue gets , the more fred admires her .
cj99	1		the more that you eat , the less that you want .
cj99	1		the angrier that sue gets , the more that fred admires her .
cj99	1		i think that the more you eat , the less you want .
cj99	1		i 'm not shocked by the idea that the more you eat , the less you want .
cj99	1		it is obvious that the more you eat , the less you want .
cj99	1		it is not entirely clear if the more you eat , the less you want .
cj99	1		i want to explain exactly why the more you eat , the less you want .
cj99	1		i demand that the more john eats , the more he pays .
cj99	0	*	i demand that the more john eat , the more he pay .
cj99	1		i demand that john pay more , the more he eats .
cj99	0	*	i demand that john pays more , the more he eat .
cj99	1		you get angrier , the more we eat , do n't you .
cj99	0	*	you get angrier , the more we eat , do n't we .
cj99	0	*	the harder it has rained , how much faster a flow that appears in the river ?
cj99	1		the harder it has rained , how much faster a flow appears in the river ?
cj99	0	*	the harder it rains , how much faster that do you run ?
cj99	1		the harder it rains , how much faster do you run ?
cj99	1		the harder it rains , how much faster a flow do you see in the river ?
cj99	0	*	the harder it rains , how much faster a flow that do you see in the river ?
cj99	1		when it rains harder , how much faster a flow appears in the river ?
cj99	1		as it rains harder , how much faster a flow appears in the river ?
cj99	0	*	as it rains harder , how much faster a flow that appears in the river ?
cj99	0	*	when it rains harder , how much faster a flow that appears in the river ?
cj99	1		how much harder has it rained , the faster a flow you see in the river ?
cj99	1		how much harder has it rained , when you see a faster flow in the river ?
cj99	0	*	the more john eats , the tighter keep your mouth shut about it .
cj99	0	*	the more everyone eat , the more john keeps his big mouth shut about it , ok ?
cj99	1		when john eats more , keep your mouth shut tighter , ok ?
cj99	1		as john eats more , keep your mouth shut tighter , ok ?
cj99	1		keep your mouth shut tighter , the more john eats , ok ?
cj99	1		everyone keep your mouth shut tighter , the more john eats , ok ?
cj99	0	??	i can well imagine the more him eating , the fatter him getting .
cj99	1		bill can well imagine getting fat .
cj99	0	*	bill can well imagine the more he eats , the fatter getting .
cj99	1		fred can well imagine joe getting fatter , the more he eats .
cj99	0	*	it is important the more you eat , the more careful to be .
cj99	0	*	it is important for the more you eat , the more careful to be .
cj99	0	*	it is important the more you to eat , the more careful to be .
cj99	0	*	it is important the more you eat , the more careful you to be .
cj99	0	*	it is important the more you eat , the more careful for you to be .
cj99	0	*	it is important for the more you to eat , the more careful to be .
cj99	0	*	it is important for the more you to eat , the more careful for you to be .
cj99	0	*	it is important the more you to eat , the more careful for you to be .
cj99	0	*	it is important for the more you eat , the more careful you to be .
cj99	1		it is important for you to be more careful , the more you eat .
cj99	1		it is important to be more careful , the more you eat .
cj99	0	*	i can well imagine quickly mary answering the question .
cj99	0	?*	i can well imagine with a hatchet mary destroying the jeep .
cj99	0	?*	i can well imagine if he eats more , him getting fat .
cj99	0	*	it is not entirely obvious if , mary listens to the grateful dead , she gets depressed .
cj99	0	*	it is not entirely obvious whether , mary listens to the grateful dead , she gets depressed .
cj99	1		mary listens to the grateful dead and she gets depressed .
cj99	1		if mary listens to the grateful dead , she gets depressed .
cj99	1		when mary listens to the grateful dead , she gets depressed .
cj99	1		mary gets depressed if she listens to the grateful dead .
cj99	1		mary gets depressed when she listens to the grateful dead .
cj99	1		the more she looked at pictures , the angrier mary got .
cj99	0	*	the more pictures mary looked at , she got angrier and angrier .
cj99	1		mary gets depressed and she listens to the grateful dead .
cj99	1		the higher the stakes are , the lower his expectations are .
cj99	1		the higher the stakes , the lower his expectations .
cj99	1		his expectations are lower , the higher the stakes .
cj99	1		his expectations are lower , the higher the stakes are .
cj99	0	*	his expectations lower , the higher the stakes .
cj99	0	*	his expectations lower , the higher the stakes are .
cj99	1		the more obnoxious fred is , the less attention you should pay to him .
cj99	0	*	the more obnoxious fred , the less attention you should pay to him .
cj99	1		the more fred is obnoxious , the less you should pay attention to him .
cj99	0	*	the more obnoxious fred , the less you should pay attention to him .
cj99	1		his expectations are always lower than mine .
cj99	1		john was lots more obnoxious than fred was .
cj99	1		you should always lock your door , no matter how fancy the hotel might be .
cj99	1		you should always lock your door , no matter how fancy the hotel .
cj99	1		i do n't plan to lock the door , no matter how fancy this hotel is .
cj99	0	*	i do n't plan to lock the door , no matter how fancy this hotel .
cj99	1		i 'm going out , whatever the weather .
cj99	1		i 'm going out , wherever that hurricane might be .
cj99	0	*	i 'm going out , wherever that hurricane .
cj99	1		the more examples mary says that bill has helped fred to discover the less i believe her .
cj99	0	*	the more food mary knows a man that eats the poorer she gets .
cj99	0	*	the fatter he goes to a doctor when he gets the more he eats .
cj99	0	*	the fatter that that he gets bothers him , the more he eats .
cj99	0	*	the more books i ask to whom he will give , the more he reads .
cj99	0	*	the more people i ask what he will give to the more he reads .
cj99	1		the more carefully he words the letter the safer he 'll be .
cj99	0	*	the more carefully he knows a man that worded the letter the safer he 'll be .
cj99	1		the more geniuses john meets , the angrier he gets .
cj99	0	*	the more john meets geniuses , the angrier he gets .
cj99	1		the more people you say will buy tickets , the happier i 'll be .
cj99	0	*	the more people you say that will buy tickets , the happier i 'll be .
cj99	1		the more people you say that right after the show opens will buy tickets , the happier i 'll be .
cj99	1		the more i talk to joe , the less about linguistics i am inclined to think sally has taught him to appreciate .
cj99	0	*	the more he eats , the poorer he knows a woman that gets .
cj99	0	*	the more he eats , the fatter he goes to a doctor when he gets .
cj99	0	*	the more he eats , the fatter that that he gets really bothers me .
cj99	0	*	the more he reads , the more books i wonder to whom he will give .
cj99	0	*	the more he reads , the more people i wonder what he will give to .
cj99	0	*	the sooner you call , the more carefully i know a man that will word the letter .
cj99	1		the richer john gets , the more geniuses john meets .
cj99	0	*	the richer he gets , the more john meets geniuses .
cj99	1		the more articles he reads , the fewer people he thinks will go into linguistics .
cj99	0	*	the more articles he reads , the fewer people he thinks that will go into linguistics .
cj99	1		the more articles he reads , the fewer people he thinks that under the current circumstances will go into linguistics .
cj99	1		the more articles he reads , the fewer people he thinks under the current circumstances will go into linguistics .
cj99	1		the more people that arrive , the louder that it gets .
cj99	1		the more people that arrive , the louder it gets .
cj99	1		the more people you give beer to , the more people that get sick .
cj99	1		the more people that you give beer to , the more people that get sick .
cj99	1		the more people arrive , the louder that it gets .
cj99	1		the more people arrive , the louder it gets .
cj99	1		the more people that you give beer to , the more people get sick .
cj99	0	*	the more pictures of john that he buys the more arrogant he becomes .
cj99	1		the more pictures of himself that john buys the more arrogant he becomes .
cj99	1		the man that arrived on the train was my brother .
cj99	0	*	the man arrived on the train was my brother .
cj99	0	*	the more people everyone who likes pays attention to , the happier we all are .
cj99	0	*	the later it gets , the more people everyone who likes pays attention to .
cj99	1		whenever bill smokes , susan hates him all the more .
cj99	1		whenever bill smokes , susan hates him much more .
cj99	1		whenever bill smokes , susan hates him far more .
cj99	1		whenever bill smokes , susan hates him a lot more .
cj99	1		once janet left , fred became all the crazier .
cj99	1		once janet left , fred became much crazier .
cj99	1		once janet left , fred became far crazier .
cj99	1		fred became all the crazier , the more often janet left .
cj99	1		when bill smokes , all the more does susan hate him .
cj99	0	*	when bill smokes , much more does susan hate him .
cj99	0	*	when bill smokes , all the more susan hates him .
cj99	1		so much did you eat that everyone gasped .
cj99	1		so fast did you run that everyone gasped .
cj99	1		so intelligent a dog did you buy that everyone gasped .
cj99	1		i know how much you ate .
cj99	1		i know how fast you ran .
cj99	1		i know how intelligent a dog you bought .
cj99	1		he ate so much that he got sick .
cj99	1		so much did he eat that he got sick .
cj99	1		the more you eat , the more you want .
cj99	0	*	you eat the more , the more you want .
cj99	0	*	the more you eat , you want the more .
cj99	0	*	i wonder you ate how much .
cj99	1		i wonder to how many people bill talks .
cj99	1		the longer he has to wait , the angrier john gets .
cj99	1		if he has to wait , john gets angry .
cj99	0	*	he gets angry , the longer john has to wait .
cj99	0	*	he gets angry if john has to wait .
cj99	1		the more that pictures of him appear in the news , the more embarrassed john becomes .
cj99	1		the more pictures of himself that appear in the news , the more embarrassed john becomes .
cj99	1		the more that pictures of himself appear in the news , the more embarrassed john becomes .
cj99	1		the more pictures of him appear in the news , the more likely john is to get arrested .
cj99	0	*	the more pictures of himself appear in the news , the more likely john is to get arrested .
cj99	1		the more that pictures of him appear in the news , the more likely john is to get arrested .
cj99	0	*	the more that pictures of himself appear in the news , the more likely john is to get arrested .
cj99	1		the more that john gets upset by them , the more that stories about him seem to show up in the news .
cj99	0	*	the more that john gets upset by them , the more that stories about himself seem to show up in the news .
cj99	1		john is more embarrassed , the more pictures of him appear in the news .
cj99	1		john is more embarrassed , the more pictures of him that appear in the news .
cj99	1		john is more embarrassed , the more pictures of himself appear in the news .
cj99	1		john is more embarrassed , the more pictures of himself that appear in the news .
cj99	1		stories about him seem to show up more on the evening news , the more that john gets upset by them .
cj99	0	*	stories about himself seem to show up more on the evening news , the more that john gets upset by them .
cj99	1		if you give him enough opportunity , every senator will succumb to corruption .
cj99	1		you give him enough opportunity and every senator will succumb to corruption .
cj99	0	*	we gave him enough opportunity and , sure enough , every senator succumbed to corruption .
cj99	1		if you give any senator enough opportunity , he will succumb to corruption .
cj99	1		you give any senator enough opportunity and he will succumb to corruption .
cj99	0	*	you give every senator enough opportunity and he will succumb to corruption .
cj99	0	*	we gave any senator enough opportunity and , sure enough , he succumbed to corruption .
cj99	0	*	we gave every senator enough opportunity and , sure enough , he succumbed to corruption .
cj99	1		the more lobbyists he talks to , the more corrupt every senator seems to become .
cj99	1		the more lobbyists wine and dine him , the more every senator is susceptible to corruption .
cj99	0	*	the more time that every senator spends with lobbyists , the more likely he succumbs to corruption .
cj99	1		every senator becomes more corrupt , the more lobbyists he talks to .
cj99	1		any senator becomes more corrupt , the more lobbyists he talks to .
cj99	0	*	he seems to become more corrupt , the more lobbyists any senator talks to .
cj99	0	*	he seems to become more corrupt , the more lobbyists every senator talks to .
cj99	1		every senator seems to become more corrupt , if he talks to more lobbyists .
cj99	1		any senator seems to become more corrupt , if he talks to more lobbyists .
cj99	1		any senator seems to become more corrupt , as he talks to more lobbyists .
cj99	0	*	he seems to become more corrupt , if any senator talks to more lobbyists .
cj99	0	*	he seems to become more corrupt , if every senator talks to more lobbyists .
cj99	0	*	he seems to become more corrupt , as every senator talks to more lobbyists .
cj99	0	*	he seems to become more corrupt , as any senator talks to more lobbyists .
cj99	1		the sooner you solve this problem , the more easily you 'll satisfy the folks up at corporate headquarters .
cj99	1		this is the sort of problem which the sooner you solve the more easily you 'll satisfy the folks up at corporate headquarters .
cj99	1		the folks up at corporate headquarters are the sort of people who the sooner you solve this problem , the more easily you 'll satisfy .
cj99	1		this problem , the sooner you solve the more easily you 'll satisfy the folks up at corporate headquarters .
cj99	1		who did you give pictures of to friends of ?
cj99	1		it is this problem that the sooner you solve the more easily you 'll satisfy the folks up at corporate headquarters .
cj99	0	?*	it is the folks up at corporate headquarters who the sooner you solve this problem , the more easily you 'll satisfy .
cj99	0	*	which problem the sooner you solve , will the more easily you satisfy the folks up at corporate headquarters ?
cj99	0	*	which problem does the sooner that you solve , the more easily you 'll satisfy the folks up at corporate headquarters ?
cj99	0	*	which problem the sooner that you solve , will the more easily you satisfy the folks up at corporate headquarters ?
cj99	0	*	the harder it rains , the faster who runs ?
cj99	0	*	the louder who talks , the angrier you get ?
cj99	1		the harder that it rains , how much faster a flow do you see in the river ?
cj99	1		they failed to tell me which problem the sooner i solve , the quicker the folks up at corporate headquarters .
cj99	0	??	i finally worked up enough courage to ask which people up at corporate headquarters the sooner i solve this problem , the quicker i 'll get free of .
cj99	0	??	which folks up at corporate headquarters do you think that the sooner you solve this problem , the quicker you 'll be able to tell t to buzz off ?
cj99	0	??	this is a problem that you 'll be able to tell the folks up at corporate headquarters to buzz off if you solve .
cj99	1		this is a problem that you 'll be able to tell the folks up at corporate headquarters to buzz off if you solve it .
cj99	0	??	this is a problem that you solve it and you 'll be able to tell the folks up at corporate headquarters to buzz off .
cj99	0	??	those are the folks that you just solve this problem and you 'll be able to put them on ice .
cj99	0	??	they failed to tell me which problem i 'll beat the competition more easily , the sooner i solve .
cj99	0	??	this is the problem that you 'll beat the competition more easily , the sooner you solve .
bc01	1		john saw the man in the room .
bc01	1		which room did john see the man in ?
bc01	1		who did john think that bill claimed that mary suspected that everybody liked ?
bc01	1		john could not visit sally .
bc01	1		what john could do is not visit sally .
bc01	1		john could n't visit sally .
bc01	1		why did john leave ?
bc01	1		i hit the ball .
bc01	1		you hit the ball .
bc01	0	*	he hit the ball .
bc01	0	*	she hit the ball .
bc01	1		they hit the ball .
bc01	0	*	am not i going ?
bc01	1		i am not going .
bc01	1		are n't i going ?
bc01	0	*	i are n't going .
bc01	1		louise is unhappy , is n't she ?
bc01	1		louise likes not being happy , does n't she ?
bc01	1		not many books survived the fire , did they ?
bc01	1		no books survived the fire , did they ?
bc01	1		he has n't often paid taxes , has he ?
bc01	1		he ca n't pay taxes , can he ?
bc01	1		she does not see him .
bc01	1		she kept not seeing him .
bc01	1		she could not have been working .
bc01	0	*	marianne not left .
bc01	0	*	marianne left not .
bc01	1		he could not have been working .
bc01	1		he can not have been working .
bc01	1		he can simply not have been working .
bc01	1		you must not simply not work .
bc01	1		he may not just not have been working .
bc01	1		he ca n't have been working .
bc01	1		ca n't he have been working ?
bc01	1		can he not have been working ?
bc01	0	*	can he not have been working ?
bc01	1		john wrote books .
bc01	0	*	john write books .
bc01	0	*	john wrote books .
bc01	1		john did not write books .
bc01	0	*	john seems that is nice .
bc01	1		`` i am so happy '' , thought john .
bc01	1		down the hill rolled john .
bc01	0	*	john kisses often mary .
bc01	1		john often kisses mary .
bc01	1		who do you think mary said john likes ?
bc01	0	?*	who did you ask whether mary knows why john likes ?
bc01	1		who do you think that mary said that john likes ?
bc01	0	*	how do you wonder whether mary solved the problem ?
bc01	1		how do you think that mary solved the problem ?
bc01	0	*	how do you wonder whether john said that mary solved the problem ?
bc01	0	*	how do you wonder whether john said mary solved the problem ?
bc01	0	??	which problem do you wonder whether john said that mary solved ?
bc01	1		how did you think that mary solved the problem ?
bc01	1		mary hired someone .
bc01	1		i heard that mary hired someone .
bc01	1		i resigned because mary hired someone .
bc01	1		mary wondered which picture of himself bill saw ?
bc01	1		which picture of himself does mary think that john said that susan likes ?
bc01	0	*	mary thinks that john said that susan likes pictures of himself ?
bc01	1		mary thinks that john said that pictures of himself , susan likes ?
bc01	1		if you do n't believe me , you will the weatherman ?
bc01	1		i rolled up a newspaper , and lynn did a magazine ?
bc01	1		kathy likes astronomy , but she does n't meteorology ?
bc01	1		the da proved jones guilty and the assistant da will prove smith .
bc01	1		mary will believe susan , and you will bob .
bc01	1		you might not believe me but you will bob .
bc01	0	*	you will bob believe .
bc01	1		how did you solve the problem ?
bc01	1		i wonder who could solve the problem in this way .
bc01	0	*	how do you wonder who could solve this problem .
bc01	1		no candidate can predict how many people will vote for him .
bc01	1		every politician is worried when the press starts attacking him .
bc01	1		which politician appointed the journalist who supported him ?
bc01	0	*	the fact that no candidate was elected shows that he was inadequate .
bc01	1		john sells books , mary buys records and bill v newspapers .
bc01	1		the question of whether john met mary worries the people who support .
bc01	1		they have left .
bc01	1		have they left ?
bc01	1		could they have left ?
bc01	1		he has often seen mary .
bc01	1		he i often sees mary .
bc01	0	*	he sees often mary .
bc01	0	*	sees he i often mary ?
bc01	1		it seems that it is likely that john will win .
bc01	1		it seems that john is likely to win .
bc01	1		john seems to be likely to win .
bc01	0	*	john seems that it is likely to win .
bc01	0	*	john seems will win .
bc01	0	*	how do you wonder which problem to solve ?
bc01	1		how intelligent do you consider john ?
bc01	0	??	how many people do you wonder whether i consider intelligent ?
bc01	0	*	how intelligent do you wonder whether i consider john ?
bc01	0	*	what the hell do you wonder how to say ?
bc01	1		he has left .
bc01	1		his book is nice .
bc01	1		bill saw him .
bc01	1		bill works with him .
bc01	1		john believes him to be a nice guy .
bc01	1		john considers him a nice guy .
bc01	1		for him to do that would be a mistake .
bc01	1		with him sick , the team is in trouble .
bc01	0	*	a man to be in the garden is unlikely .
bc01	0	*	a man to come is unlikely .
bc01	0	*	john to call would be unlikely .
bc01	0	*	this conclusion to be arrived at is surprising .
bc01	1		john believes that he is sick .
bc01	0	*	john believes that him is sick .
bc01	0	*	john tries him to win .
bc01	0	*	john wonders where him to go .
bc01	1		who do you think that bill likes ?
bc01	1		who do you think that bill believes to be innocent ?
bc01	0	*	who do you think that believes john to be innocent ?
bc01	0	*	who would you prefer for to win the race ?
bc01	1		someone stole my car .
bc01	1		my car was stolen .
bc01	0	*	the children eat all chocolate .
bc01	1		john has often kissed mary .
bc01	1		the kids have all eaten the chocolate .
bc01	1		in general , he understands what 's going on .
bc01	1		it 's probable that in general he understands what 's going on .
bc01	0	*	it 's probable in general that he understands what 's going on .
bc01	0	*	in general that he understands what 's going on is surprising .
bc01	1		i explained how to fix the sink .
bc01	1		i explained how we should fix the sink .
bc01	1		i explained that we should fix the sink .
bc01	0	*	i explained to fix the sink .
bc01	1		mickey looked up the reference .
bc01	1		mickey looked the reference up .
bc01	1		mickey looked up them .
bc01	1		mickey teamed up with the women .
bc01	0	*	mickey teamed with the women up .
bc01	1		mickey pointed out that gary had left .
bc01	0	*	mickey pointed that gary had left out .
bc01	1		mickey slips up all the time .
bc01	0	*	mickey slips all the time up .
bc01	1		what does john think mary bought ?
bc01	0	*	john thinks what mary bought .
bc01	1		john wonders what mary bought .
bc01	0	*	what does john wonder mary bought ?
bc01	0	??	who is he reading a book that criticizes ?
bc01	0	??	what do you remember where we bought ?
bc01	1		who bought what ?
bc01	1		who is reading a book that criticizes who ?
bc01	1		who remembers where we bought what ?
bc01	0	*	i wonder who what bought ?
bc01	0	*	i wonder what who bought ?
bc01	1		there are n't many linguistics students here .
bc01	1		i have n't met many linguistics students .
bc01	1		what does every student buy ?
bc01	1		i need sally to be there .
bc01	0	*	the boat sank to collect the insurance .
bc01	1		the boat was sunk to collect the insurance .
bc01	1		john wants to win .
bc01	1		the bed was unmade .
bc01	0	*	headway was unmade .
bc01	1		john was unknown .
bc01	0	*	john was unknown to be the murderer .
bc01	1		we knew john to be the murderer .
bc01	1		he fed the children .
bc01	1		the children were uneducated .
bc01	1		the children were undisciplined .
bc01	1		i believed these students all to like john .
bc01	1		they tried to all like john .
bc01	1		i believed these students to all like john .
bc01	0	?*	did he try ever to talk to the student ?
bc01	1		did you believe him ever to have made an effort to talk to the student ?
bc01	1		did he try to ever be attentive to the needs of students ?
bc01	1		did you believe him to ever have made an effort to talk to the student ?
bc01	1		work out an analysis that is typical of this view of understood subjects .
bc01	1		they were believed all to be quite diligent .
bc01	1		was he believed ever to fail students ?
bc01	1		there is tending to be more and more discussion of these issues .
bc01	1		john seemed to be a great linguist .
bc01	1		there promises to be a storm tonight .
bc01	1		john strived to be successful .
bc01	1		john wanted to improve his lot in life .
bc01	1		john expected to win .
bc01	1		this book is too dense to be read in one sitting .
bc01	0	*	there is too likely to be a riot to be a serious discussion of the issues .
bc01	1		john tried .
bc01	1		john remembered .
bc01	1		john is refused .
bc01	1		john forgot .
bc01	0	*	bill seems to be obnoxious , but i do n't think that sam happens .
bc01	0	*	bill seems to be obnoxious , but i do n't think that sam turns out .
bc01	0	*	bill seems to be obnoxious , but i do n't think that sam tends .
bc01	0	*	they tried all to like john .
bc01	1		they seemed all to like john .
bc01	1		john believes sally to be polite .
bc01	1		i believe john with all my heart to be a fine person .
bc01	0	*	john is wanted to win .
bc01	0	*	john would be liked to win .
bc01	1		we would like john to win .
bc01	0	*	john would be hated to win .
bc01	0	*	john would be preferred to be the candidate .
bc01	1		we would prefer john to be the candidate .
bc01	1		i would like for john to win .
bc01	1		i would hate for john to win .
bc01	1		i would prefer for john to be the candidate .
bc01	1		john destroyed the house .
bc01	1		the electrode emitted ions into the medium .
bc01	1		ions struck the electrode .
bc01	1		the medium contains ions .
bc01	0	*	the house destroyed john .
bc01	1		ions left the electrode .
bc01	0	*	the electrode was left by ions .
bc01	1		the electrode was struck by ions .
bc01	1		the ball lies in the box .
bc01	1		the ball rolled from the bush to the tree .
bc01	1		the box contains the ball .
bc01	1		the tree dropped fruit to the ground .
bc01	1		fruit hit the ground from the tree .
bc01	1		the stone knocked against the pole into the road .
bc01	1		the stone knocked the pole into the road .
bc01	1		the box contained the ball .
bc01	0	*	the box gradually contained the ball .
bc01	0	*	the box at once contained the ball .
bc01	0	*	the box contained the ball to the ground .
bc01	1		the tree gradually dropped its fruit to the ground .
bc01	1		the tree dropped its fruit to the ground .
bc01	1		fruit hit the roof .
bc01	1		fruit hit the roof from the tree .
bc01	1		fruit at once hit the roof from the tree .
bc01	0	*	fruit hit the roof against the ground .
bc01	0	*	fruit at once hit the roof against the ground .
bc01	1		fruit dropped from the tree .
bc01	0	*	fruit dropped from the tree from the clouds .
bc01	0	*	fruit fell against the house .
bc01	0	*	fruit fell against the house against the ground .
bc01	1		the tree changed into an oak .
bc01	1		the tree changed from a maple into an oak .
bc01	0	*	the maple changed into an oak from a cedar .
bc01	1		the maple changed into an oak from a cedar .
bc01	1		the maple changed into an oak .
bc01	1		the oak developed out of a maple .
bc01	1		the train reached the station .
bc01	1		the branches knocked against the wall .
bc01	1		the child became a man .
bc01	1		the party lasted till midnight .
bc01	1		the dog went crazy .
bc01	1		it struck john that it was so .
bc01	1		it came to john that it was so .
bc01	1		the snake saw into the nest .
bc01	1		hard work resulted in high grades .
bc01	1		the farm passed to john .
bc01	1		john is touching the wall .
bc01	1		the wall is being touched by john .
bc01	1		a bear occupies the cave .
bc01	1		a bear inhabits the cave .
bc01	1		water fills the tub .
bc01	1		the electric main joins the house circuit in the basement .
bc01	1		the house circuit is joined by the electric main in the basement .
bc01	1		the fence straddles the sidewalk .
bc01	1		the sidewalk is straddled by the fence .
bc01	1		the man with a book .
bc01	1		gas escaped the tube .
bc01	1		the terrorist escaped the prison cell .
bc01	1		the prison cell was escaped by the terrorist .
bc01	1		the rolling stone avoided the river .
bc01	1		the river was avoided by the rolling stone .
bc01	1		the agents caught the terrorist .
bc01	1		the sponge soaked up the water .
bc01	1		the tub filled with water .
bc01	1		john received a book .
bc01	1		john learned a lesson .
bc01	1		the parcel reached john .
bc01	1		john received the parcel .
bc01	1		the farm finally got to john after much litigation .
bc01	0	*	the farm finally reached john after much litigation .
bc01	1		water filled the cup high .
bc01	1		water filled the cup .
bc01	0	*	water emptied the cup .
bc01	0	*	the cup filled the water high .
bc01	0	*	the cup filled of water .
bc01	1		the cup filled with water .
bc01	0	*	the cup emptied with water .
bc01	1		the barge piled high with logs .
bc01	0	*	the road blocked with a stone .
bc01	0	*	the branch dropped bare of its apple .
bc01	0	*	the logs piled the barge high .
bc01	1		a stone blocked the road .
bc01	0	*	the bottle drained the liquid free .
bc01	1		the branch dropped its apple free .
bc01	1		some branches broke off of the tree .
bc01	0	*	the tree broke off some branches .
bc01	1		the tree dropped some branches .
bc01	1		the tree lost some branches .
bc01	1		water bubbled out of the kettle .
bc01	0	*	the kettle bubbled water up .
bc01	1		the kettle bubbled water .
bc01	0	*	the cup filled water .
bc01	0	*	the stone knocked the pole into the road .
bc01	1		the tub leaked empty of water .
bc01	0	*	the stone knocked against the pole into the road .
bc01	1		hail stones broke the window .
bc01	1		the force of the wind broke the window .
bc01	0	*	the window broke from hail stones .
bc01	1		the window broke from the force of the wind .
bc01	1		what the force of the wind did to the window was break it .
bc01	1		john hit the stone against the wall .
bc01	1		john hit the wall with the stone .
bc01	1		john tapped some wine from a barrel .
bc01	1		john tapped a barrel of some wine .
bc01	1		john laid the book on the table .
bc01	1		john included his name in the list .
bc01	1		john loaded the bricks onto the truck .
bc01	1		john loaded the truck with bricks .
bc01	1		john fed rice to the baby .
bc01	1		john fed the baby rice .
bc01	1		john fed the baby up with rice .
bc01	0	*	john fed the baby rice up .
bc01	1		the ball lies completely in the box .
bc01	1		the box completely contains the ball .
bc01	1		the train got to the station fully .
bc01	1		the train reached the station fully .
bc01	1		press the stamp against the pad completely .
bc01	1		press the pad with the stamp completely .
bc01	1		spray the paint onto the wall completely .
bc01	1		spray all the paint onto the wall completely .
bc01	0	*	spray the wall with all the paint .
bc01	1		spray the whole wall with the paint .
bc01	1		what john did to the wall was paint it .
bc01	1		what john did to the whole wall was paint it .
bc01	1		what john did to the wall was hit it .
bc01	0	*	what the stone did to the wall was hit it .
bc01	0	*	what the stone did to the whole wall was hit it .
bc01	1		john took bill to be a fool .
bc01	0	*	john concluded bill to be a fool .
bc01	1		give the bottle to the baby full .
bc01	0	*	give the bottle to the baby awake .
bc01	1		give the baby the bottle full .
bc01	0	*	give the baby the bottle awake .
bc01	1		rub the cloth on the baby torn .
bc01	0	*	rub the cloth on the baby asleep .
bc01	1		rub the baby with the cloth torn .
bc01	0	*	rub the baby with the cloth asleep .
bc01	1		dry the baby with the cloth asleep .
bc01	0	*	dry the baby with the cloth torn .
bc01	0	*	the cup knocked the stone apart .
bc01	1		the stone knocked the cup apart .
bc01	1		the cup smashed apart against the stone .
bc01	1		the stone smashed the cup apart .
bc01	1		the tank filled with petrol out of the pump .
bc01	1		the cup emptied of water onto the ground .
bc01	1		john included her name in the list .
bc01	1		john rolled the ball from the tree to the bush .
bc01	1		john tapped the bottle of some water .
bc01	1		john gave bill the book .
bc01	1		john got the book from bill .
bc01	0	*	john gave bill of the book .
bc01	1		we have someone in the living room .
bc01	1		john is very fond of mary .
bc01	1		mary laughed at john .
bc01	1		the ship sank beneath the waves .
bc01	1		mary considers john a fool and bill a wimp .
bc01	1		john regards professors as strange and politicians as creepy .
bc01	1		sue put the books on the table and the records on the chair .
bc01	1		harriet gave a mug to john and a scarf to vivien .
bc01	1		i expect john to win and harry to lose .
bc01	1		you eat the fish raw and the beef cooked .
bc01	1		they told sue who to talk to and virginia when to leave .
bc01	1		smith loaned , and his widow later donated , a valuable collection of manuscripts to the library .
bc01	1		sue moved , and mary also transferred , her business to a different location .
bc01	1		i succeeded in convincing , even though john had failed to persuade , mary not to leave .
bc01	1		we did n't particularly like , but nevertheless ate , the fish raw .
bc01	1		flo desperately wants , though she does n't really expect , the miami dolphins to be in the play-offs .
bc01	1		john learned french perfectly .
bc01	1		bill recited his lines poorly .
bc01	1		mary plays the violin beautifully .
bc01	0	*	john perfectly learned french .
bc01	0	*	bill poorly recited his lines .
bc01	1		john learned french immediately .
bc01	1		bill recited his lines slowly .
bc01	1		mary will play the violin soon .
bc01	1		john immediately learned french .
bc01	1		bill slowly recited his lines .
bc01	1		mary will soon play the violin .
bc01	1		john immediately learned french perfectly .
bc01	1		john learned french perfectly almost immediately .
bc01	1		john learned french perfectly immediately .
bc01	0	*	john perfectly learned french immediately .
bc01	0	*	john learned french immediately perfectly .
bc01	0	*	clearly , john immediately will probably learn french perfectly .
bc01	0	*	immediately , john probably will clearly learn french perfectly .
bc01	0	*	clearly , john perfectly will immediately learn french probably .
bc01	0	*	john perfectly rolled the ball down the hill .
bc01	1		john rolled the ball perfectly down the hill .
bc01	1		john rolled the ball down the hill perfectly .
bc01	0	*	john perfectly shot the ball .
bc01	1		john shot the ball perfectly .
bc01	0	*	john intimately spoke to mary .
bc01	1		john spoke intimately to mary .
bc01	1		john spoke to mary intimately .
bc01	1		john spoke french intimately to mary .
bc01	1		john spoke french to mary intimately .
bc01	1		mary jumped the horse perfectly over the last fence .
bc01	1		mary jumped the horse over the last fence perfectly .
bc01	0	*	john spoke intimately french to mary .
bc01	0	*	john spoke to mary french .
bc01	0	*	mary persuaded to leave john .
bc01	0	*	the lions ate raw the meat .
bc01	0	*	mary persuaded that he should rest bill .
bc01	1		we consider the men all fools .
bc01	1		we consider the men all totally crazy .
bc01	0	*	i saw the men all .
bc01	0	*	the men were arrested all .
bc01	0	*	the men arrived all .
bc01	1		the teacher ordered the two boys both to pay close attention .
bc01	1		they returned the books all to their owners .
bc01	1		we painted the chairs all red .
bc01	1		the trainer fed the steaks all to the lions .
bc01	0	*	bill proud of himself john does n't consider .
bc01	0	*	home was gone by john .
bc01	1		mary left the room angry .
bc01	0	*	the room was left angry by mary .
bc01	0	*	the room was left angry .
bc01	1		john resembles bill .
bc01	0	*	bill is resembled by john .
bc01	1		the package weighed 10 lb .
bc01	0	*	10 lb was weighed by the package .
bc01	1		this book cost $ 10 .
bc01	0	*	$ 10 was cost by this book .
bc01	1		the book cost john $ 10 .
bc01	0	*	john was cost $ 10 by the book .
bc01	0	*	john is impressed by bill as pompous .
bc01	0	*	the boys were made a good mother .
bc01	0	*	the boys were made a good mother by aunt mary .
bc01	0	*	the kids were failed by max as a father .
bc01	0	*	the kids were failed as a father .
bc01	0	*	the men were struck by the idea as nonsense .
bc01	0	*	the men were promised to leave .
bc01	0	*	he impresses his friends all as pompous .
bc01	0	*	aunt mary made the boys all a good mother .
bc01	0	*	max failed the kids all as a father .
bc01	0	*	frank promised the men all to leave .
bc01	0	*	we proclaimed to the public john to be a hero .
bc01	1		we proclaimed john to the public to be a hero .
bc01	0	*	we proclaimed sincerely john to be a hero .
bc01	1		we proclaimed john sincerely to be a hero .
bc01	0	*	we proclaimed sincerely to the public john to be a hero .
bc01	1		we proclaimed john sincerely to the public to be a hero .
bc01	0	*	they represented to the dean mary as a genuine linguist .
bc01	1		they represented mary to the dean as a genuine linguist .
bc01	0	*	they represented seriously mary as a genuine linguist .
bc01	1		they represented mary seriously as a genuine linguist .
bc01	1		they represented mary seriously to the dean as a genuine linguist .
bc01	0	*	we proved to the authorities smith to be the thief .
bc01	0	*	we proved conclusively smith to be the thief .
bc01	1		we proved smith conclusively to be the thief .
bc01	0	*	we proved conclusively to the authorities smith to be the thief .
bc01	1		we proved smith conclusively to the authorities to be the thief .
bc01	1		the gardener watered the tulips flat .
bc01	1		the grocer ground the coffee beans to a fine powder .
bc01	1		they painted their house a hideous shade of green .
bc01	1		the joggers ran their nikes threadbare .
bc01	1		the kids laughed themselves into a frenzy .
bc01	1		he coughed his handkerchief completely soggy .
bc01	1		they fed the meat to the lions raw .
bc01	0	*	the lions ate at the meat raw .
bc01	1		we love them .
bc01	0	*	we love they .
bc01	0	*	we love their .
bc01	0	*	us love their .
bc01	1		our love they .
bc01	1		our love them .
bc01	1		our love their .
bc01	0	*	he belief that mary kissed bill is mistaken .
bc01	0	*	him belief that mary kissed bill is mistaken .
bc01	1		his belief that mary kissed bill is mistaken .
bc01	1		mary loves him .
bc01	1		mary is fond of him .
bc01	0	*	mary is fond him .
bc01	1		mary criticized him .
bc01	0	*	mary 's criticism him was cruel .
bc01	1		mary 's criticism of him was cruel .
bc01	1		that john loves mary is doubtful .
bc01	0	*	john to love mary would be doubtful .
bc01	1		for john to love mary would be doubtful .
bc01	1		to go abroad would be nice .
bc01	1		john 's plan to go abroad is nice .
bc01	1		mary believed john to have loved her .
bc01	1		mary considered john to have loved her .
bc01	1		mary reported john to have loved her .
bc01	0	*	mary considered to have loved her .
bc01	1		mary tried to go abroad .
bc01	1		mary intended to go abroad .
bc01	1		mary managed to go abroad .
bc01	1		mary desired to go abroad .
bc01	0	*	mary tried john to go abroad .
bc01	0	*	mary managed john to go abroad .
bc01	0	*	mary desired john to go abroad .
bc01	1		mary believed him to have loved her .
bc01	1		mary considered him to have loved her .
bc01	0	*	mary believed he to have loved her .
bc01	0	*	mary considered he to have loved her .
bc01	0	*	mary reported he to have loved her .
bc01	0	*	mary believed his to have loved her .
bc01	0	*	mary considered his to have loved her .
bc01	0	*	mary reported his to have loved her .
bc01	1		it is certain that john has loved mary .
bc01	1		it is likely that john has loved mary .
bc01	1		there are strangers in that garden .
bc01	0	*	there is strangers in that garden .
bc01	0	*	there is arriving three men at that station .
bc01	1		there are arriving three men at that station .
bc01	1		i consider there to be a man in that garden .
bc01	0	*	i consider there a man in that garden .
bc01	1		they alleged there to have been many strangers in that garden .
bc01	0	*	they alleged many strangers to have been in that garden .
bc01	1		john wagered there to have been a stranger in that haunted house .
bc01	0	*	john wagered a stranger to have been in that haunted house .
bc01	1		john tried to kiss mary .
bc01	1		john persuaded mary to kiss him .
bc01	1		john told mary to kiss him .
bc01	1		it is illegal to park here .
bc01	1		i remembered him having kissed mary .
bc01	1		i reported him having kissed mary .
bc01	1		i reported having kissed mary .
bc01	1		i enjoy taking a bath .
bc01	1		i detest taking a bath .
bc01	0	*	i enjoy him taking a bath .
bc01	0	*	i detest him taking a bath .
bc01	1		i saw him kissing mary .
bc01	1		i noticed him kissing mary .
bc01	0	*	i noticed kissing mary .
bc01	0	*	there was known to everyone .
bc01	1		john 's refusing the offer is shocking .
bc01	1		the enemy 's destroying the city was horrific .
bc01	1		john 's refusal of the offer was shocking .
bc01	1		the enemy 's destruction of the city was horrific .
bc01	0	*	john wanted to leave the room happy and leave the room he did happy .
bc01	1		i often send mary home drunk , and she gets there just fine .
bc01	0	*	i raw eat fish drunk .
bc01	0	*	i only eat fish drunk raw .
bc01	1		i do n't think fred will , either .
bc01	1		josé likes cabbage , and holly does too .
bc01	1		josé ate cabbage , and holly has too .
bc01	1		josé is eating cabbage , and holly is too .
bc01	1		john is leaving but mary 's not .
bc01	1		i consider bill intelligent and i consider sally not .
bc01	0	*	sally started running down the street , but only after josé started .
bc01	0	*	sally made bill laugh , and then josé made .
bc01	0	*	mary came to read fred 's story , and i also came to .
bc01	1		john wants to go on vacation , but he does n't know when to .
bc01	0	*	mary was told to bring something to the party , so she asked sue what to .
bc01	0	*	we might go on vacation if we can ever figure out when to .
bc01	0	*	ron wanted to wear a tuxedo to the party , but caspar could n't decide whether to .
bc01	0	*	you should n't play with rifles because to is dangerous .
bc01	0	*	john is being discussed and sally is being too .
bc01	0	*	i remember john being discussed , but you recall sally being .
bc01	1		sally might have eaten cabbage , but holly should n't .
bc01	1		josé asks that we go to the meeting , and sally will tell us when .
bc01	0	*	it 's we go to the meeting , that sally will tell us when .
bc01	1		it 's to mary that joe said holly can talk .
bc01	1		mary claimed that eaten cabbage , holly has n't .
bc01	1		mary claimed that eating cabbage , holly 's not .
bc01	1		mary claimed that eat cabbage , holly wants to .
bc01	0	*	mary claimed that would eat cabbage , holly .
bc01	0	*	mary claimed that has n't eaten cabbage , holly .
bc01	0	*	mary claimed that eating cabbage , holly started .
bc01	0	*	mary claimed that eat cabbage , holly made me .
bc01	0	*	mary claimed that have eaten cabbage , holly should .
bc01	0	*	mary claimed that intelligent , i consider holly not .
bc01	0	*	lilly recounted a story to remember because holly had also recounted a story to .
bc01	0	*?	i reviewed joe 's attempt to find holly while you reviewed josé 's attempt to .
bc01	0	*?	mary questioned joe 's desire to eat cabbage , but only after i had questioned sally 's desire to .
bc01	0	*?	sally explained the attempt to arrest holly , but only after i had denied the decision to .
bc01	1		john did n't hit a home run , but i know a woman who did .
bc01	1		that betsy won the batting crown is not surprising , but that peter did n't know she did is surprising .
bc01	0	*	you should n't have played with rifles because to have is dangerous .
bc01	0	??	ron wanted to be wearing a tuxedo to the party , but caspar did n't know whether to be .
bc01	0	*	lilly recounted a story to be remembered because holly had recounted a story to be .
bc01	1		lilly decided that eating cabbage , she should be .
bc01	0	*	lilly decided eating cabbage , to be .
bc01	1		read fred 's story , i also want to .
bc01	0	*	you should n't play with rifles because play with rifles to is dangerous .
bc01	0	??	ron wanted to wear a tuxedo to the party , but wear a tuxedo to the party caspar could n't decide whether to .
bc01	0	*	lucy barnes recounted a story to remember because remember holly had recounted a story to .
bc01	1		mag wildwood came to introduce the bartender but i came not to .
bc01	1		mag wildwood came to introduce the bartender but i came precisely not to .
bc01	1		you should unload rifles because not to s is dangerous .
bc01	1		if ron knows whether to wear a tuxedo , and caspar knows whether not to , do they know different things ?
bc01	1		lucy recounted a story to remember because holly had recounted as story not to .
bc01	0	*	i will , if i can work on it .
bc01	1		did harry leave ?
bc01	1		does joe sing ?
bc01	0	*	a proof that god exist does .
bc01	0	*	a proof that god does exists .
bc01	0	*	i visited every town in every country i had to .
bc01	1		every man who said he would buy some salmon did .
bc01	1		i visited every town i had to .
bc01	1		every town in every country i had to i visited .
bc01	1		every man who said he would buy some salmon did buy some salmon .
bc01	1		lilly should buy salmon and mary should too .
bc01	1		lilly should buy salmon and mary should buy salmon too .
bc01	1		joe 's neuroses bother his patrons , and sally 's neuroses do too .
bc01	1		joe likes his bar , and sally 's patrons do too .
bc01	1		every picture of itself arrived .
bc01	1		my uncle does n't have a spouse but your aunt does and he is lying on the floor .
bc01	0	*	my uncle did n't buy anything for christmas , but my aunt did it for him and it was bright red .
bc01	1		i know which book max read , and which book oscar did n't .
bc01	1		this is the book of which bill approves , and this is the one of which he does n't .
bc01	0	?*	i know which book mag read , and which book bob asked why you had n't .
bc01	0	?*	i know which book mag read , and which book bob discussed after i had .
bc01	1		dulles suspected everyone who angleton did .
bc01	1		while bob read fred , he did n't dickens .
bc01	1		sally suspected joe , but he did n't holly .
bc01	0	*	although mag does n't eggplants , sally eats cabbage .
bc01	0	?*	although i do n't know which book sam did , i do know which book sally read .
bc01	0	?*	near everyone angleton did , dulles stood .
bc01	0	*	sally will stand near mag , but he wo n't holly .
bc01	0	*	while holly did n't discuss a report about every boy , she did every girl .
bc01	1		sally will stand near every woman that you will .
bc01	1		i know which woman holly will discuss a report about , but i do n't know which woman you will .
bc01	0	*	sam stood near yesterday every one of the women we 'd been discussing .
bc01	0	*	truman visited yesterday you .
bc01	0	*	truman told the story bob .
bc01	1		while truman did n't visit me , he did you .
bc01	1		while truman did n't tell me a story , he did rusty .
bc01	1		while josé wo n't talk about mag , he might about holly .
bc01	1		although doc might tell it to you , he wo n't to me .
bc01	1		i think you need to show yourself more than you do anyone else .
bc01	1		while truman does n't want to visit every city , he does barcelona .
bc01	0	*	while rusty might leave in order to please mag , he wo n't his father .
bc01	0	*	while doc might claim that bob had read his book , he wo n't the paper .
bc01	0	*	i 'll turn the radio down , but i wo n't up .
bc01	1		fred likes eggplants , although he likes cabbage too .
bc01	1		although he likes cabbage too , fred likes eggplants .
bc01	1		fred gave flowers to his sweetie because frank had .
bc01	1		china is a country that joe wants to visit , and he will too , if he gets enough money .
bc01	1		jerry would n't read a book by babel , but meryl has done so and it was pretty good .
bc01	0	*	i know which book max read , and which book oscar has n't done so .
bc01	1		joe might wish he had , but this is n't a country he has visited .
bc01	1		while i might want to , this is the kind of thing that harris has already suggested .
bc01	1		we like our friends and they do too .
bc01	1		we like our friends and they like our friends too .
bc01	1		we like our friends and they like their friends , too .
bc01	1		rusty talked about himself only after holly did .
bc01	0	*	rusty talked about himself only after mary did talk about himself .
bc01	1		i could find no solution , but holly might .
bc01	1		fred talked about everything before rusty did .
bc01	1		joe will go to the store , even though fred already has .
bc01	1		today there is little or no official harassment of lesbians and gays by the national government , although autonomous governments might .
bc01	1		the candidate was dogged by charges of infidelity and avoiding the draft , or at least trying to .
bc01	0	*	david is a great artist , and when he does , his eyes squint at you .
bc01	0	*	the candidate was dogged by charges of infidelity , or at least trying to .
bc01	1		this information could have been released by gorbachev , but he chose not to .
bc01	1		a lot of this material can be presented in a fairly informal and accessible fashion , and often i do .
bc01	0	*	john likes not mary .
bc01	1		john does not like mary .
bc01	0	*	john meets often mary .
bc01	1		john tries to often meet mary .
bc01	0	*	john tries to meet often mary .
bc01	1		john tries not to meet mary .
bc01	0	*	john tries to meet not mary .
bc01	1		is mary running the marathon ?
bc01	0	*	runs mary the marathon ?
bc01	1		mary is often running the marathon .
bc01	0	*	mary runs often the marathon .
bc01	1		mary is not running the marathon .
bc01	1		i did n't , as bill had thought , go to the store .
bc01	1		i did , as bill had thought , go to the store .
bc01	0	*	i did not , as bill had thought , go to the store .
bc01	1		the writers could so believe the boy .
bc01	0	*	the writers so believed the boy .
bc01	1		the writers did so believe the boy .
bc01	0	*	the writers did n't so believe the boy .
bc01	1		rome destroyed carthage .
bc01	1		rome 's destruction of carthage was horrific .
bc01	1		john bought the picture of himself that bill saw .
bc01	1		the perception of the problem is quite thorough .
bc01	1		the knowledge of the problem is quite thorough .
bc01	0	*	the problem 's perception is quite thorough .
bc01	0	*	the problem 's knowledge is quite thorough .
bc01	0	*	the problem knows easily .
bc01	0	*	the ship sank to collect the insurance .
bc01	1		the sinking of the ship was very devious .
bc01	1		the sinking of the ship to collect the insurance was very devious .
bc01	1		the ship 's sinking was very devious .
bc01	0	*	the ship 's sinking to collect the insurance was very devious .
bc01	1		the testing of such drugs on oneself is too risky .
bc01	0	*	this drug 's testing on oneself is too risky .
bc01	1		the ship was sunk to collect the insurance .
bc01	1		this drug must first be tested on oneself .
bc01	1		the president 's moral destruction is complete .
bc01	1		the moral destruction of the president was certainly not helpful .
bc01	1		mary wants to wear nice blue german dress .
bc01	1		tomatoes were introduced in europe after 1492 .
bc01	1		we rich have impeccable taste .
bc01	0	*	rich we have impeccable taste .
