name,sex,nationality,Age,Description
Takashi,Male,Japanese,55,"I am Takashi, I am 55 years old and I am Japanese"
Ice,Male,American,54,"I am Ice, I am 54 years old and I am American"
Edana,Female,German,34,"I am Edana, I am 34 years old and I am German"
Nequiel,Male,American,59,"I am Nequiel, I am 59 years old and I am American"
Alijah,Male,American,31,"I am Alijah, I am 31 years old and I am American"
Shota,Male,Japanese,58,"I am Shota, I am 58 years old and I am Japanese"
Masafumi,Male,Japanese,39,"I am Masafumi, I am 39 years old and I am Japanese"
Clarity,Female,American,45,"I am Clarity, I am 45 years old and I am American"
Kistna,Male,Indian,30,"I am Kistna, I am 30 years old and I am Indian"
Yvette,Female,French,48,"I am Yvette, I am 48 years old and I am French"
Berger,Male,German,56,"I am Berger, I am 56 years old and I am German"
Ivan,Male,Russian,28,"I am Ivan, I am 28 years old and I am Russian"
Ontibile,Female,African,66,"I am Ontibile, I am 66 years old and I am African"
Jurou,Male,Japanese,58,"I am Jurou, I am 58 years old and I am Japanese"
Dima,Male,Russian,31,"I am Dima, I am 31 years old and I am Russian"
Addy,Female,American,67,"I am Addy, I am 67 years old and I am American"
Nivritti,Female,Indian,53,"I am Nivritti, I am 53 years old and I am Indian"
Akello,Male,African,59,"I am Akello, I am 59 years old and I am African"
Reon,Male,African,51,"I am Reon, I am 51 years old and I am African"
Draven,Male,American,35,"I am Draven, I am 35 years old and I am American"
Faro,Male,German,29,"I am Faro, I am 29 years old and I am German"
Chaeli,Female,American,45,"I am Chaeli, I am 45 years old and I am American"
Burghard,Male,German,25,"I am Burghard, I am 25 years old and I am German"
Yui,Female,Japanese,39,"I am Yui, I am 39 years old and I am Japanese"
Andrey,Male,Russian,52,"I am Andrey, I am 52 years old and I am Russian"
Stevany,Female,American,39,"I am Stevany, I am 39 years old and I am American"
Blanche,Female,French,56,"I am Blanche, I am 56 years old and I am French"
Vasilisa,Female,Russian,36,"I am Vasilisa, I am 36 years old and I am Russian"
Hartmann,Male,German,64,"I am Hartmann, I am 64 years old and I am German"
Hiraani,Female,Indian,38,"I am Hiraani, I am 38 years old and I am Indian"
Kurt,Male,American,56,"I am Kurt, I am 56 years old and I am American"
Sota,Male,Japanese,27,"I am Sota, I am 27 years old and I am Japanese"
Tadelesh,Male,African,38,"I am Tadelesh, I am 38 years old and I am African"
Yoshiteru,Male,Japanese,37,"I am Yoshiteru, I am 37 years old and I am Japanese"
Noboru,Male,Japanese,65,"I am Noboru, I am 65 years old and I am Japanese"
Shizuka,Female,Japanese,62,"I am Shizuka, I am 62 years old and I am Japanese"
Adjoa,Female,African,33,"I am Adjoa, I am 33 years old and I am African"
Norbert,Male,German,46,"I am Norbert, I am 46 years old and I am German"
Chasity,Female,American,22,"I am Chasity, I am 22 years old and I am American"
Karasi,Female,African,37,"I am Karasi, I am 37 years old and I am African"
Arnia,Female,American,22,"I am Arnia, I am 22 years old and I am American"
Exavier,Male,American,47,"I am Exavier, I am 47 years old and I am American"
Bhumija,Female,Indian,32,"I am Bhumija, I am 32 years old and I am Indian"
Hirokazu,Male,Japanese,50,"I am Hirokazu, I am 50 years old and I am Japanese"
Addo,Female,African,33,"I am Addo, I am 33 years old and I am African"
Abhilash,Male,Indian,40,"I am Abhilash, I am 40 years old and I am Indian"
Tarak,Male,Indian,27,"I am Tarak, I am 27 years old and I am Indian"
Hiro,Male,Japanese,28,"I am Hiro, I am 28 years old and I am Japanese"
Tyrek,Male,American,64,"I am Tyrek, I am 64 years old and I am American"
Carrieann,Female,American,57,"I am Carrieann, I am 57 years old and I am American"
Vumba,Female,African,53,"I am Vumba, I am 53 years old and I am African"
Jaslene,Female,American,43,"I am Jaslene, I am 43 years old and I am American"
Andrei,Male,Russian,46,"I am Andrei, I am 46 years old and I am Russian"
Demichael,Male,American,39,"I am Demichael, I am 39 years old and I am American"
Ruri,Female,Japanese,52,"I am Ruri, I am 52 years old and I am Japanese"
Talisa,Female,American,38,"I am Talisa, I am 38 years old and I am American"
Joelle,Female,French,26,"I am Joelle, I am 26 years old and I am French"
Netsenet,Female,African,35,"I am Netsenet, I am 35 years old and I am African"
Kashton,Male,American,57,"I am Kashton, I am 57 years old and I am American"
Adelaide,Female,German,30,"I am Adelaide, I am 30 years old and I am German"
Shigeru,Male,Japanese,66,"I am Shigeru, I am 66 years old and I am Japanese"
Teranika,Female,American,27,"I am Teranika, I am 27 years old and I am American"
Ranulf,Male,German,32,"I am Ranulf, I am 32 years old and I am German"
Sujay,Male,Indian,24,"I am Sujay, I am 24 years old and I am Indian"
Ginjiro,Male,Japanese,65,"I am Ginjiro, I am 65 years old and I am Japanese"
Raman,Male,Indian,27,"I am Raman, I am 27 years old and I am Indian"
Xolani,Female,African,49,"I am Xolani, I am 49 years old and I am African"
Uttam,Male,Indian,34,"I am Uttam, I am 34 years old and I am Indian"
Buster,Male,American,30,"I am Buster, I am 30 years old and I am American"
McKayla,Female,American,38,"I am McKayla, I am 38 years old and I am American"
Ichiro,Male,Japanese,39,"I am Ichiro, I am 39 years old and I am Japanese"
Berg,Male,German,25,"I am Berg, I am 25 years old and I am German"
Isai,Male,American,41,"I am Isai, I am 41 years old and I am American"
Janiyah,Female,American,45,"I am Janiyah, I am 45 years old and I am American"
Mirai,Female,Japanese,32,"I am Mirai, I am 32 years old and I am Japanese"
Elsie,Female,German,23,"I am Elsie, I am 23 years old and I am German"
Dax,Male,French,44,"I am Dax, I am 44 years old and I am French"
Cele,Female,French,51,"I am Cele, I am 51 years old and I am French"
Pramoda,Male,Indian,33,"I am Pramoda, I am 33 years old and I am Indian"
Hamako,Female,Japanese,54,"I am Hamako, I am 54 years old and I am Japanese"
Maxime,Female,French,29,"I am Maxime, I am 29 years old and I am French"
Abu,Male,African,42,"I am Abu, I am 42 years old and I am African"
Daiki,Male,Japanese,59,"I am Daiki, I am 59 years old and I am Japanese"
Suguru,Male,Japanese,64,"I am Suguru, I am 64 years old and I am Japanese"
Ayame,Female,Japanese,41,"I am Ayame, I am 41 years old and I am Japanese"
Kazuo,Male,Japanese,68,"I am Kazuo, I am 68 years old and I am Japanese"
Mirette,Female,French,67,"I am Mirette, I am 67 years old and I am French"
Guban,Male,African,32,"I am Guban, I am 32 years old and I am African"
Quayliah,Female,American,33,"I am Quayliah, I am 33 years old and I am American"
Emilie,Female,French,50,"I am Emilie, I am 50 years old and I am French"
Jennyl,Female,American,62,"I am Jennyl, I am 62 years old and I am American"
Ryohei,Male,Japanese,48,"I am Ryohei, I am 48 years old and I am Japanese"
Benoît,Male,French,64,"I am Benoît, I am 64 years old and I am French"
Koto,Female,Japanese,42,"I am Koto, I am 42 years old and I am Japanese"
Sthir,Male,Indian,31,"I am Sthir, I am 31 years old and I am Indian"
Kagiso,Male,African,34,"I am Kagiso, I am 34 years old and I am African"
Sharne,Female,American,64,"I am Sharne, I am 64 years old and I am American"
Roetta,Female,American,43,"I am Roetta, I am 43 years old and I am American"
Seifer,Male,German,24,"I am Seifer, I am 24 years old and I am German"
Minali,Female,Indian,40,"I am Minali, I am 40 years old and I am Indian"
Kota,Male,Japanese,48,"I am Kota, I am 48 years old and I am Japanese"
Raeanne,Female,American,65,"I am Raeanne, I am 65 years old and I am American"
Ryoko,Female,Japanese,39,"I am Ryoko, I am 39 years old and I am Japanese"
Platon,Male,Russian,50,"I am Platon, I am 50 years old and I am Russian"
Harmon,Male,German,29,"I am Harmon, I am 29 years old and I am German"
Sparkle,Female,American,56,"I am Sparkle, I am 56 years old and I am American"
Ojas,Male,Indian,26,"I am Ojas, I am 26 years old and I am Indian"
Tafari,Male,African,66,"I am Tafari, I am 66 years old and I am African"
Lieselotte,Female,German,25,"I am Lieselotte, I am 25 years old and I am German"
Mignon,Female,French,29,"I am Mignon, I am 29 years old and I am French"
Ree,Female,American,58,"I am Ree, I am 58 years old and I am American"
Suvan,Male,Indian,65,"I am Suvan, I am 65 years old and I am Indian"
Kenyi,Male,African,34,"I am Kenyi, I am 34 years old and I am African"
Benoite,Female,French,68,"I am Benoite, I am 68 years old and I am French"
Friedel,Male,German,59,"I am Friedel, I am 59 years old and I am German"
Tamatha,Female,American,56,"I am Tamatha, I am 56 years old and I am American"
Masaaki,Male,Japanese,30,"I am Masaaki, I am 30 years old and I am Japanese"
Safara,Female,African,44,"I am Safara, I am 44 years old and I am African"
Dzigbode,Male,African,66,"I am Dzigbode, I am 66 years old and I am African"
Yuvraj,Male,Indian,28,"I am Yuvraj, I am 28 years old and I am Indian"
Evegny,Male,Russian,63,"I am Evegny, I am 63 years old and I am Russian"
Hugh,Male,German,56,"I am Hugh, I am 56 years old and I am German"
Toki,Female,Japanese,65,"I am Toki, I am 65 years old and I am Japanese"
Freeya,Female,American,51,"I am Freeya, I am 51 years old and I am American"
Jayashri,Female,Indian,36,"I am Jayashri, I am 36 years old and I am Indian"
Studs,Male,American,43,"I am Studs, I am 43 years old and I am American"
Kazuma,Male,Japanese,58,"I am Kazuma, I am 58 years old and I am Japanese"
Twon,Male,African,26,"I am Twon, I am 26 years old and I am African"
Ehan,Male,Indian,32,"I am Ehan, I am 32 years old and I am Indian"
Kikuko,Female,Japanese,31,"I am Kikuko, I am 31 years old and I am Japanese"
Luol,Male,African,30,"I am Luol, I am 30 years old and I am African"
Aleah,Female,American,32,"I am Aleah, I am 32 years old and I am American"
Berny,Male,French,58,"I am Berny, I am 58 years old and I am French"
Caspar,Male,German,24,"I am Caspar, I am 24 years old and I am German"
Razo,Male,French,34,"I am Razo, I am 34 years old and I am French"
Arlene,Female,American,47,"I am Arlene, I am 47 years old and I am American"
Tomoya,Male,Japanese,51,"I am Tomoya, I am 51 years old and I am Japanese"
Souta,Male,Japanese,57,"I am Souta, I am 57 years old and I am Japanese"
Issay,Male,African,64,"I am Issay, I am 64 years old and I am African"
Breanna,Female,American,31,"I am Breanna, I am 31 years old and I am American"
Justis,Male,American,33,"I am Justis, I am 33 years old and I am American"
Cerise,Female,French,29,"I am Cerise, I am 29 years old and I am French"
Loman,Male,German,46,"I am Loman, I am 46 years old and I am German"
Ajay,Male,Indian,28,"I am Ajay, I am 28 years old and I am Indian"
Laythan,Male,American,37,"I am Laythan, I am 37 years old and I am American"
Apu,Male,Indian,43,"I am Apu, I am 43 years old and I am Indian"
Choire,Female,American,25,"I am Choire, I am 25 years old and I am American"
Nitish,Male,Indian,28,"I am Nitish, I am 28 years old and I am Indian"
Darlita,Female,American,44,"I am Darlita, I am 44 years old and I am American"
Jase,Male,American,22,"I am Jase, I am 22 years old and I am American"
Dericia,Female,American,40,"I am Dericia, I am 40 years old and I am American"
Alain,Male,French,29,"I am Alain, I am 29 years old and I am French"
Brynner,Male,German,64,"I am Brynner, I am 64 years old and I am German"
Reth,Male,African,39,"I am Reth, I am 39 years old and I am African"
Josette,Female,French,39,"I am Josette, I am 39 years old and I am French"
Gisbert,Male,German,50,"I am Gisbert, I am 50 years old and I am German"
Hayate,Male,Japanese,56,"I am Hayate, I am 56 years old and I am Japanese"
Delicah,Female,American,34,"I am Delicah, I am 34 years old and I am American"
Ferdi,Male,German,61,"I am Ferdi, I am 61 years old and I am German"
Shaunna,Female,American,66,"I am Shaunna, I am 66 years old and I am American"
Polina,Female,Russian,45,"I am Polina, I am 45 years old and I am Russian"
Johnavan,Male,American,27,"I am Johnavan, I am 27 years old and I am American"
Dilanne,Female,American,46,"I am Dilanne, I am 46 years old and I am American"
Jag,Male,Indian,62,"I am Jag, I am 62 years old and I am Indian"
Frisco,Male,American,51,"I am Frisco, I am 51 years old and I am American"
Jamarcus,Male,American,49,"I am Jamarcus, I am 49 years old and I am American"
Marlie,Female,American,32,"I am Marlie, I am 32 years old and I am American"
Tave,Male,American,34,"I am Tave, I am 34 years old and I am American"
Aimee,Female,French,25,"I am Aimee, I am 25 years old and I am French"
Rini,Female,American,38,"I am Rini, I am 38 years old and I am American"
Tameron,Male,American,34,"I am Tameron, I am 34 years old and I am American"
Tomomi,Female,Japanese,23,"I am Tomomi, I am 23 years old and I am Japanese"
Sika,Female,African,46,"I am Sika, I am 46 years old and I am African"
Darcila,Female,American,48,"I am Darcila, I am 48 years old and I am American"
Friedrich,Male,German,36,"I am Friedrich, I am 36 years old and I am German"
Mist,Female,American,22,"I am Mist, I am 22 years old and I am American"
Rina,Female,Japanese,24,"I am Rina, I am 24 years old and I am Japanese"
Hideyoshi,Male,Japanese,27,"I am Hideyoshi, I am 27 years old and I am Japanese"
Yassah,Female,African,34,"I am Yassah, I am 34 years old and I am African"
Kylene,Female,American,63,"I am Kylene, I am 63 years old and I am American"
Akihiko,Male,Japanese,39,"I am Akihiko, I am 39 years old and I am Japanese"
Swoosie,Female,American,66,"I am Swoosie, I am 66 years old and I am American"
Adeben,Male,African,51,"I am Adeben, I am 51 years old and I am African"
Lashunay,Female,American,37,"I am Lashunay, I am 37 years old and I am American"
Satoshi,Male,Japanese,32,"I am Satoshi, I am 32 years old and I am Japanese"
Kaula,Female,African,38,"I am Kaula, I am 38 years old and I am African"
Yerodin,Male,African,62,"I am Yerodin, I am 62 years old and I am African"
Indira,Female,Indian,59,"I am Indira, I am 59 years old and I am Indian"
Jovie,Female,American,49,"I am Jovie, I am 49 years old and I am American"
Renesmee,Female,American,32,"I am Renesmee, I am 32 years old and I am American"
Chassidy,Female,American,60,"I am Chassidy, I am 60 years old and I am American"
Clemance,Female,French,48,"I am Clemance, I am 48 years old and I am French"
Emiko,Female,Japanese,31,"I am Emiko, I am 31 years old and I am Japanese"
Kwame,Male,African,44,"I am Kwame, I am 44 years old and I am African"
Yukiko,Female,Japanese,66,"I am Yukiko, I am 66 years old and I am Japanese"
Anshu,Male,Indian,28,"I am Anshu, I am 28 years old and I am Indian"
Kadience,Female,American,23,"I am Kadience, I am 23 years old and I am American"
Nyeri,Female,African,23,"I am Nyeri, I am 23 years old and I am African"
Spicer,Male,American,32,"I am Spicer, I am 32 years old and I am American"
Satisha,Male,Indian,25,"I am Satisha, I am 25 years old and I am Indian"
Suzette,Female,French,27,"I am Suzette, I am 27 years old and I am French"
Kassa,Male,African,49,"I am Kassa, I am 49 years old and I am African"
Shino,Male,Japanese,59,"I am Shino, I am 59 years old and I am Japanese"
Alisha,Female,American,52,"I am Alisha, I am 52 years old and I am American"
Maki,Female,Japanese,31,"I am Maki, I am 31 years old and I am Japanese"
Daru,Female,Indian,54,"I am Daru, I am 54 years old and I am Indian"
Grigoriy,Male,Russian,61,"I am Grigoriy, I am 61 years old and I am Russian"
Francine,Female,French,39,"I am Francine, I am 39 years old and I am French"
Davu,Male,African,65,"I am Davu, I am 65 years old and I am African"
Latasha,Female,American,67,"I am Latasha, I am 67 years old and I am American"
Carly,Female,American,53,"I am Carly, I am 53 years old and I am American"
Sekani,Male,African,58,"I am Sekani, I am 58 years old and I am African"
Breahna,Female,American,59,"I am Breahna, I am 59 years old and I am American"
Yachi,Female,Japanese,28,"I am Yachi, I am 28 years old and I am Japanese"
Dimaia,Female,American,56,"I am Dimaia, I am 56 years old and I am American"
Auberon,Female,German,55,"I am Auberon, I am 55 years old and I am German"
Helene,Female,French,23,"I am Helene, I am 23 years old and I am French"
Cherie,Female,French,56,"I am Cherie, I am 56 years old and I am French"
Tama,Female,Japanese,30,"I am Tama, I am 30 years old and I am Japanese"
Ivette,Female,French,29,"I am Ivette, I am 29 years old and I am French"
Govind,Male,Indian,67,"I am Govind, I am 67 years old and I am Indian"
Gerlinde,Female,German,25,"I am Gerlinde, I am 25 years old and I am German"
Shigeko,Female,Japanese,26,"I am Shigeko, I am 26 years old and I am Japanese"
Genkei,Male,Japanese,44,"I am Genkei, I am 44 years old and I am Japanese"
Armon,Male,German,44,"I am Armon, I am 44 years old and I am German"
Geneva,Female,French,40,"I am Geneva, I am 40 years old and I am French"
Isthia,Female,American,65,"I am Isthia, I am 65 years old and I am American"
Tanay,Male,Indian,67,"I am Tanay, I am 67 years old and I am Indian"
Horst,Male,German,55,"I am Horst, I am 55 years old and I am German"
Hiromitsu,Male,Japanese,64,"I am Hiromitsu, I am 64 years old and I am Japanese"
Takato,Male,Japanese,42,"I am Takato, I am 42 years old and I am Japanese"
Cadee,Female,American,54,"I am Cadee, I am 54 years old and I am American"
Nikhil,Male,Indian,43,"I am Nikhil, I am 43 years old and I am Indian"
Hideo,Male,Japanese,28,"I am Hideo, I am 28 years old and I am Japanese"
Carsten,Male,German,66,"I am Carsten, I am 66 years old and I am German"
Savir,Male,Indian,59,"I am Savir, I am 59 years old and I am Indian"
Tarangini,Female,Indian,46,"I am Tarangini, I am 46 years old and I am Indian"
Uba,Male,African,50,"I am Uba, I am 50 years old and I am African"
Dubem,Male,African,24,"I am Dubem, I am 24 years old and I am African"
Tisha,Female,American,29,"I am Tisha, I am 29 years old and I am American"
Shayla,Female,American,45,"I am Shayla, I am 45 years old and I am American"
Shaylynn,Female,American,35,"I am Shaylynn, I am 35 years old and I am American"
Gaetan,Male,French,32,"I am Gaetan, I am 32 years old and I am French"
Nariko,Female,Japanese,67,"I am Nariko, I am 67 years old and I am Japanese"
Spike,Male,American,54,"I am Spike, I am 54 years old and I am American"
Dilana,Female,American,59,"I am Dilana, I am 59 years old and I am American"
Nozomi,Female,Japanese,29,"I am Nozomi, I am 29 years old and I am Japanese"
Herman,Male,German,41,"I am Herman, I am 41 years old and I am German"
Chetachi,Male,African,49,"I am Chetachi, I am 49 years old and I am African"
Kouta,Male,Japanese,22,"I am Kouta, I am 22 years old and I am Japanese"
Abena,Female,African,52,"I am Abena, I am 52 years old and I am African"
Suzuki,Female,Japanese,35,"I am Suzuki, I am 35 years old and I am Japanese"
Gerasim,Male,Russian,46,"I am Gerasim, I am 46 years old and I am Russian"
Cayenne,Female,French,45,"I am Cayenne, I am 45 years old and I am French"
Tetsua,Male,Japanese,39,"I am Tetsua, I am 39 years old and I am Japanese"
Satoru,Male,Japanese,36,"I am Satoru, I am 36 years old and I am Japanese"
Mikel,Male,American,39,"I am Mikel, I am 39 years old and I am American"
Lydie,Female,French,35,"I am Lydie, I am 35 years old and I am French"
Adjo,Male,African,23,"I am Adjo, I am 23 years old and I am African"
Miyo,Female,Japanese,37,"I am Miyo, I am 37 years old and I am Japanese"
Taru,Male,Indian,47,"I am Taru, I am 47 years old and I am Indian"
Bernard,Male,French,27,"I am Bernard, I am 27 years old and I am French"
Treyvon,Male,American,52,"I am Treyvon, I am 52 years old and I am American"
Sunil,Male,Indian,22,"I am Sunil, I am 22 years old and I am Indian"
Adri,Male,Indian,53,"I am Adri, I am 53 years old and I am Indian"
Niccele,Female,American,56,"I am Niccele, I am 56 years old and I am American"
Jacory,Male,American,47,"I am Jacory, I am 47 years old and I am American"
Joykiss,Female,American,66,"I am Joykiss, I am 66 years old and I am American"
Huckleberry,Male,American,37,"I am Huckleberry, I am 37 years old and I am American"
Odilia,Female,German,56,"I am Odilia, I am 56 years old and I am German"
Shoji,Male,Japanese,55,"I am Shoji, I am 55 years old and I am Japanese"
Yukari,Female,Japanese,39,"I am Yukari, I am 39 years old and I am Japanese"
Eiichi,Male,Japanese,68,"I am Eiichi, I am 68 years old and I am Japanese"
Nyabera,Male,African,64,"I am Nyabera, I am 64 years old and I am African"
Mamoru,Male,Japanese,23,"I am Mamoru, I am 23 years old and I am Japanese"
Emberlei,Female,American,23,"I am Emberlei, I am 23 years old and I am American"
Nerice,Female,American,59,"I am Nerice, I am 59 years old and I am American"
Miya,Female,Japanese,49,"I am Miya, I am 49 years old and I am Japanese"
Yekaterina,Female,Russian,56,"I am Yekaterina, I am 56 years old and I am Russian"
Pooh,Male,American,62,"I am Pooh, I am 62 years old and I am American"
Suubi,Female,African,55,"I am Suubi, I am 55 years old and I am African"
Tefo,Male,African,23,"I am Tefo, I am 23 years old and I am African"
Ajamu,Male,African,44,"I am Ajamu, I am 44 years old and I am African"
Chevelle,Female,American,38,"I am Chevelle, I am 38 years old and I am American"
Hamano,Female,Japanese,29,"I am Hamano, I am 29 years old and I am Japanese"
Odele,Female,German,40,"I am Odele, I am 40 years old and I am German"
Kwasi,Male,African,51,"I am Kwasi, I am 51 years old and I am African"
Rene,Male,French,36,"I am Rene, I am 36 years old and I am French"
Jacquelle,Female,French,27,"I am Jacquelle, I am 27 years old and I am French"
Giselher,Male,German,40,"I am Giselher, I am 40 years old and I am German"
Burl,Male,American,25,"I am Burl, I am 25 years old and I am American"
Runisha,Female,American,30,"I am Runisha, I am 30 years old and I am American"
Franka,Female,German,49,"I am Franka, I am 49 years old and I am German"
Seiichi,Male,Japanese,25,"I am Seiichi, I am 25 years old and I am Japanese"
Tikhon,Male,Russian,40,"I am Tikhon, I am 40 years old and I am Russian"
Manny,Male,American,38,"I am Manny, I am 38 years old and I am American"
Merridy,Female,American,52,"I am Merridy, I am 52 years old and I am American"
Kayonga,Male,African,41,"I am Kayonga, I am 41 years old and I am African"
Efrain,Male,American,24,"I am Efrain, I am 24 years old and I am American"
Shirkia,Female,American,25,"I am Shirkia, I am 25 years old and I am American"
Emele,Female,French,51,"I am Emele, I am 51 years old and I am French"
Tripp,Male,American,39,"I am Tripp, I am 39 years old and I am American"
Caylin,Female,American,44,"I am Caylin, I am 44 years old and I am American"
Eito,Male,Japanese,31,"I am Eito, I am 31 years old and I am Japanese"
Manas,Male,Indian,40,"I am Manas, I am 40 years old and I am Indian"
Meradee,Female,American,53,"I am Meradee, I am 53 years old and I am American"
Linaeve,Female,American,60,"I am Linaeve, I am 60 years old and I am American"
Granville,Male,French,54,"I am Granville, I am 54 years old and I am French"
Jennique,Female,American,28,"I am Jennique, I am 28 years old and I am American"
Dason,Male,American,66,"I am Dason, I am 66 years old and I am American"
Tarisai,Female,African,59,"I am Tarisai, I am 59 years old and I am African"
Hosei,Male,Japanese,67,"I am Hosei, I am 67 years old and I am Japanese"
Denita,Female,American,36,"I am Denita, I am 36 years old and I am American"
Percy,Male,French,27,"I am Percy, I am 27 years old and I am French"
Emmerich,Male,German,46,"I am Emmerich, I am 46 years old and I am German"
Bernhard,Male,German,29,"I am Bernhard, I am 29 years old and I am German"
Sigmund,Male,German,39,"I am Sigmund, I am 39 years old and I am German"
Jalie,Female,American,22,"I am Jalie, I am 22 years old and I am American"
Avari,Female,American,55,"I am Avari, I am 55 years old and I am American"
Divya,Female,Indian,67,"I am Divya, I am 67 years old and I am Indian"
Michinori,Male,Japanese,41,"I am Michinori, I am 41 years old and I am Japanese"
Dajuan,Male,American,22,"I am Dajuan, I am 22 years old and I am American"
Gerhard,Male,German,37,"I am Gerhard, I am 37 years old and I am German"
Salako,Male,African,46,"I am Salako, I am 46 years old and I am African"
JaHanna,Female,American,68,"I am JaHanna, I am 68 years old and I am American"
Viveca,Female,German,22,"I am Viveca, I am 22 years old and I am German"
Syreeta,Female,Indian,67,"I am Syreeta, I am 67 years old and I am Indian"
Rashawn,Male,American,41,"I am Rashawn, I am 41 years old and I am American"
Kramer,Male,German,24,"I am Kramer, I am 24 years old and I am German"
Dimosthenes,Male,German,44,"I am Dimosthenes, I am 44 years old and I am German"
Dionna,Female,American,58,"I am Dionna, I am 58 years old and I am American"
Omarosa,Female,African,45,"I am Omarosa, I am 45 years old and I am African"
Kaden,Male,American,35,"I am Kaden, I am 35 years old and I am American"
Souvik,Male,Indian,29,"I am Souvik, I am 29 years old and I am Indian"
Kalyssa,Female,American,36,"I am Kalyssa, I am 36 years old and I am American"
Kamela,Female,American,61,"I am Kamela, I am 61 years old and I am American"
Janli,Female,American,29,"I am Janli, I am 29 years old and I am American"
Yumiko,Female,Japanese,28,"I am Yumiko, I am 28 years old and I am Japanese"
Lunette,Female,French,68,"I am Lunette, I am 68 years old and I am French"
Khan,Male,Indian,46,"I am Khan, I am 46 years old and I am Indian"
Ramya,Female,Indian,59,"I am Ramya, I am 59 years old and I am Indian"
Lanzo,Male,German,41,"I am Lanzo, I am 41 years old and I am German"
Bayard,Male,French,54,"I am Bayard, I am 54 years old and I am French"
Nisa,Female,American,27,"I am Nisa, I am 27 years old and I am American"
Chinelo,Male,African,62,"I am Chinelo, I am 62 years old and I am African"
Kaname,Male,Japanese,28,"I am Kaname, I am 28 years old and I am Japanese"
Lida,Female,Russian,32,"I am Lida, I am 32 years old and I am Russian"
Katsuki,Female,Japanese,57,"I am Katsuki, I am 57 years old and I am Japanese"
Nomatha,Female,African,33,"I am Nomatha, I am 33 years old and I am African"
Kimaya,Female,Indian,46,"I am Kimaya, I am 46 years old and I am Indian"
Tailynn,Female,American,42,"I am Tailynn, I am 42 years old and I am American"
Jabulani,Male,African,30,"I am Jabulani, I am 30 years old and I am African"
Nyako,Female,African,49,"I am Nyako, I am 49 years old and I am African"
Varick,Male,German,50,"I am Varick, I am 50 years old and I am German"
Alexandro,Male,American,59,"I am Alexandro, I am 59 years old and I am American"
Whisper,Female,American,60,"I am Whisper, I am 60 years old and I am American"
Fumiya,Male,Japanese,24,"I am Fumiya, I am 24 years old and I am Japanese"
Chrisanna,Female,American,67,"I am Chrisanna, I am 67 years old and I am American"
Keften,Male,American,45,"I am Keften, I am 45 years old and I am American"
Hiroto,Male,Japanese,36,"I am Hiroto, I am 36 years old and I am Japanese"
Demanda,Female,American,25,"I am Demanda, I am 25 years old and I am American"
Tilak,Male,Indian,47,"I am Tilak, I am 47 years old and I am Indian"
Maelys,Female,French,61,"I am Maelys, I am 61 years old and I am French"
Ethanael,Male,American,43,"I am Ethanael, I am 43 years old and I am American"
Huck,Male,American,33,"I am Huck, I am 33 years old and I am American"
Dekan,Male,American,65,"I am Dekan, I am 65 years old and I am American"
Polo,Male,African,44,"I am Polo, I am 44 years old and I am African"
Nala,Female,African,22,"I am Nala, I am 22 years old and I am African"
Athanasia,Female,German,37,"I am Athanasia, I am 37 years old and I am German"
Noxolo,Female,African,38,"I am Noxolo, I am 38 years old and I am African"
Varsha,Female,Indian,26,"I am Varsha, I am 26 years old and I am Indian"
Annaleigh,Female,American,30,"I am Annaleigh, I am 30 years old and I am American"
Kaseko,Male,African,62,"I am Kaseko, I am 62 years old and I am African"
Yoite,Male,Japanese,47,"I am Yoite, I am 47 years old and I am Japanese"
Suzume,Female,Japanese,22,"I am Suzume, I am 22 years old and I am Japanese"
Savita,Female,Indian,26,"I am Savita, I am 26 years old and I am Indian"
Kiyohiko,Male,Japanese,38,"I am Kiyohiko, I am 38 years old and I am Japanese"
Yuko,Female,Japanese,47,"I am Yuko, I am 47 years old and I am Japanese"
Xarles,Male,French,40,"I am Xarles, I am 40 years old and I am French"
Deja,Female,American,37,"I am Deja, I am 37 years old and I am American"
Latika,Female,Indian,50,"I am Latika, I am 50 years old and I am Indian"
Kristin,Female,German,39,"I am Kristin, I am 39 years old and I am German"
Mitsuye,Female,Japanese,23,"I am Mitsuye, I am 23 years old and I am Japanese"
Jonan,Male,American,68,"I am Jonan, I am 68 years old and I am American"
Benard,Male,French,24,"I am Benard, I am 24 years old and I am French"
Fyodor,Male,Russian,45,"I am Fyodor, I am 45 years old and I am Russian"
Ignace,Male,French,30,"I am Ignace, I am 30 years old and I am French"
Rachna,Female,Indian,37,"I am Rachna, I am 37 years old and I am Indian"
Yasuko,Female,Japanese,46,"I am Yasuko, I am 46 years old and I am Japanese"
Kehlani,Female,American,41,"I am Kehlani, I am 41 years old and I am American"
Liev,Male,Russian,26,"I am Liev, I am 26 years old and I am Russian"
Arjun,Male,Indian,56,"I am Arjun, I am 56 years old and I am Indian"
Jeaselle,Female,American,33,"I am Jeaselle, I am 33 years old and I am American"
Hina,Female,Indian,33,"I am Hina, I am 33 years old and I am Indian"
Birungi,Male,African,53,"I am Birungi, I am 53 years old and I am African"
Sabella,Female,American,38,"I am Sabella, I am 38 years old and I am American"
Teryl,Female,American,35,"I am Teryl, I am 35 years old and I am American"
Content,Female,American,28,"I am Content, I am 28 years old and I am American"
Vikram,Male,Indian,24,"I am Vikram, I am 24 years old and I am Indian"
Sophie,Female,French,46,"I am Sophie, I am 46 years old and I am French"
Chuck,Male,American,33,"I am Chuck, I am 33 years old and I am American"
Adele,Female,German,26,"I am Adele, I am 26 years old and I am German"
Louis,Male,German,46,"I am Louis, I am 46 years old and I am German"
Jarmaine,Male,American,31,"I am Jarmaine, I am 31 years old and I am American"
Durin,Male,German,23,"I am Durin, I am 23 years old and I am German"
Limber,Female,African,27,"I am Limber, I am 27 years old and I am African"
Jafaru,Male,African,44,"I am Jafaru, I am 44 years old and I am African"
Feodora,Female,Russian,43,"I am Feodora, I am 43 years old and I am Russian"
Bernt,Male,German,59,"I am Bernt, I am 59 years old and I am German"
Devika,Female,Indian,66,"I am Devika, I am 66 years old and I am Indian"
Sheadon,Male,American,36,"I am Sheadon, I am 36 years old and I am American"
Amondi,Female,African,28,"I am Amondi, I am 28 years old and I am African"
Maxandria,Female,American,62,"I am Maxandria, I am 62 years old and I am American"
Fumiye,Female,Japanese,35,"I am Fumiye, I am 35 years old and I am Japanese"
Tab,Male,American,23,"I am Tab, I am 23 years old and I am American"
Glafira,Female,Russian,37,"I am Glafira, I am 37 years old and I am Russian"
Charan,Male,Indian,65,"I am Charan, I am 65 years old and I am Indian"
Minaal,Female,Indian,63,"I am Minaal, I am 63 years old and I am Indian"
Rokurou,Male,Japanese,23,"I am Rokurou, I am 23 years old and I am Japanese"
Midori,Female,Japanese,53,"I am Midori, I am 53 years old and I am Japanese"
Lisimba,Female,African,41,"I am Lisimba, I am 41 years old and I am African"
Adarsh,Male,Indian,60,"I am Adarsh, I am 60 years old and I am Indian"
Hisayo,Female,Japanese,29,"I am Hisayo, I am 29 years old and I am Japanese"
Faron,Female,French,49,"I am Faron, I am 49 years old and I am French"
Bandele,Male,African,23,"I am Bandele, I am 23 years old and I am African"
Masashi,Male,Japanese,51,"I am Masashi, I am 51 years old and I am Japanese"
Himeko,Female,Japanese,28,"I am Himeko, I am 28 years old and I am Japanese"
Rikuto,Male,Japanese,30,"I am Rikuto, I am 30 years old and I am Japanese"
Satchel,Male,American,39,"I am Satchel, I am 39 years old and I am American"
Vijay,Male,Indian,58,"I am Vijay, I am 58 years old and I am Indian"
Kairu,Male,African,59,"I am Kairu, I am 59 years old and I am African"
Chalondra,Female,American,50,"I am Chalondra, I am 50 years old and I am American"
Danniell,Male,French,26,"I am Danniell, I am 26 years old and I am French"
Precia,Female,American,29,"I am Precia, I am 29 years old and I am American"
Diesel,Male,German,54,"I am Diesel, I am 54 years old and I am German"
Jevonte,Male,American,68,"I am Jevonte, I am 68 years old and I am American"
Estee,Female,French,28,"I am Estee, I am 28 years old and I am French"
Hertz,Male,German,57,"I am Hertz, I am 57 years old and I am German"
Hajime,Male,Japanese,41,"I am Hajime, I am 41 years old and I am Japanese"
Dashania,Female,American,58,"I am Dashania, I am 58 years old and I am American"
Theanna,Female,American,42,"I am Theanna, I am 42 years old and I am American"
Kesler,Male,American,29,"I am Kesler, I am 29 years old and I am American"
Fusako,Female,Japanese,66,"I am Fusako, I am 66 years old and I am Japanese"
Vella,Female,American,43,"I am Vella, I am 43 years old and I am American"
Lutisha,Female,American,59,"I am Lutisha, I am 59 years old and I am American"
Nishi,Female,Indian,61,"I am Nishi, I am 61 years old and I am Indian"
Haru,Male,Japanese,44,"I am Haru, I am 44 years old and I am Japanese"
Legrand,Male,French,37,"I am Legrand, I am 37 years old and I am French"
Fumihiro,Male,Japanese,50,"I am Fumihiro, I am 50 years old and I am Japanese"
Kuri,Female,Japanese,56,"I am Kuri, I am 56 years old and I am Japanese"
Arline,Female,French,26,"I am Arline, I am 26 years old and I am French"
Masuyo,Female,Japanese,38,"I am Masuyo, I am 38 years old and I am Japanese"
Chakotay,Male,American,34,"I am Chakotay, I am 34 years old and I am American"
Aki,Female,Japanese,52,"I am Aki, I am 52 years old and I am Japanese"
Erix,Male,American,68,"I am Erix, I am 68 years old and I am American"
Kura,Female,Japanese,60,"I am Kura, I am 60 years old and I am Japanese"
Hugo,Male,German,54,"I am Hugo, I am 54 years old and I am German"
McLovin,Male,American,68,"I am McLovin, I am 68 years old and I am American"
Abeeku,Male,African,66,"I am Abeeku, I am 66 years old and I am African"
Cason,Male,American,33,"I am Cason, I am 33 years old and I am American"
Tsubame,Female,Japanese,29,"I am Tsubame, I am 29 years old and I am Japanese"
Uwimana,Male,African,66,"I am Uwimana, I am 66 years old and I am African"
Quintonio,Male,American,28,"I am Quintonio, I am 28 years old and I am American"
Errin,Female,American,47,"I am Errin, I am 47 years old and I am American"
Oba,Male,African,37,"I am Oba, I am 37 years old and I am African"
Thema,Female,African,52,"I am Thema, I am 52 years old and I am African"
Cherine,Female,American,52,"I am Cherine, I am 52 years old and I am American"
Hibine,Male,Japanese,46,"I am Hibine, I am 46 years old and I am Japanese"
Iniko,Male,African,22,"I am Iniko, I am 22 years old and I am African"
Teruyoshi,Male,Japanese,34,"I am Teruyoshi, I am 34 years old and I am Japanese"
Taysia,Female,American,50,"I am Taysia, I am 50 years old and I am American"
Sachio,Male,Japanese,66,"I am Sachio, I am 66 years old and I am Japanese"
Aaryan,Male,Indian,64,"I am Aaryan, I am 64 years old and I am Indian"
Waldron,Male,German,48,"I am Waldron, I am 48 years old and I am German"
Taneisha,Female,American,41,"I am Taneisha, I am 41 years old and I am American"
Yasunari,Male,Japanese,68,"I am Yasunari, I am 68 years old and I am Japanese"
Matilde,Female,French,40,"I am Matilde, I am 40 years old and I am French"
Akimitsu,Male,Japanese,31,"I am Akimitsu, I am 31 years old and I am Japanese"
Yoland,Female,French,27,"I am Yoland, I am 27 years old and I am French"
Sekou,Male,African,43,"I am Sekou, I am 43 years old and I am African"
Shanti,Female,Indian,27,"I am Shanti, I am 27 years old and I am Indian"
Kenta,Male,Japanese,64,"I am Kenta, I am 64 years old and I am Japanese"
Xakery,Male,American,53,"I am Xakery, I am 53 years old and I am American"
Kerani,Female,Indian,22,"I am Kerani, I am 22 years old and I am Indian"
Isondo,Female,African,44,"I am Isondo, I am 44 years old and I am African"
Broden,Male,American,39,"I am Broden, I am 39 years old and I am American"
Marilyn,Female,American,36,"I am Marilyn, I am 36 years old and I am American"
Silko,Male,African,52,"I am Silko, I am 52 years old and I am African"
Elaxi,Female,Indian,37,"I am Elaxi, I am 37 years old and I am Indian"
Tameka,Female,American,64,"I am Tameka, I am 64 years old and I am American"
Mignonette,Female,French,33,"I am Mignonette, I am 33 years old and I am French"
Shinta,Male,Japanese,30,"I am Shinta, I am 30 years old and I am Japanese"
Geet,Male,Indian,62,"I am Geet, I am 62 years old and I am Indian"
Gautam,Male,Indian,63,"I am Gautam, I am 63 years old and I am Indian"
Ayarn,Male,American,35,"I am Ayarn, I am 35 years old and I am American"
Timneet,Female,African,46,"I am Timneet, I am 46 years old and I am African"
Amazu,Male,African,31,"I am Amazu, I am 31 years old and I am African"
Occhave,Male,Indian,38,"I am Occhave, I am 38 years old and I am Indian"
Tadashi,Male,Japanese,46,"I am Tadashi, I am 46 years old and I am Japanese"
Marceline,Female,French,44,"I am Marceline, I am 44 years old and I am French"
Sade,Female,African,54,"I am Sade, I am 54 years old and I am African"
Tatiana,Female,Russian,31,"I am Tatiana, I am 31 years old and I am Russian"
Kioni,Female,African,46,"I am Kioni, I am 46 years old and I am African"
Ambroise,Male,French,67,"I am Ambroise, I am 67 years old and I am French"
Dhiren,Male,Indian,67,"I am Dhiren, I am 67 years old and I am Indian"
Carolin,Female,German,58,"I am Carolin, I am 58 years old and I am German"
Karah,Female,American,60,"I am Karah, I am 60 years old and I am American"
Lorene,Female,American,45,"I am Lorene, I am 45 years old and I am American"
Carlena,Female,American,50,"I am Carlena, I am 50 years old and I am American"
Stephanie,Female,French,63,"I am Stephanie, I am 63 years old and I am French"
Jazlyn,Female,American,49,"I am Jazlyn, I am 49 years old and I am American"
Omodara,Female,African,64,"I am Omodara, I am 64 years old and I am African"
Arun,Male,Indian,24,"I am Arun, I am 24 years old and I am Indian"
Conyers,Male,American,56,"I am Conyers, I am 56 years old and I am American"
Kouki,Male,Japanese,33,"I am Kouki, I am 33 years old and I am Japanese"
Kotono,Female,Japanese,50,"I am Kotono, I am 50 years old and I am Japanese"
Pharell,Male,American,37,"I am Pharell, I am 37 years old and I am American"
Corina,Female,French,32,"I am Corina, I am 32 years old and I am French"
Zenshiro,Male,Japanese,28,"I am Zenshiro, I am 28 years old and I am Japanese"
Jayla,Female,American,24,"I am Jayla, I am 24 years old and I am American"
Jeb,Male,American,40,"I am Jeb, I am 40 years old and I am American"
Javon,Male,American,34,"I am Javon, I am 34 years old and I am American"
Markell,Male,American,58,"I am Markell, I am 58 years old and I am American"
Yuzuru,Male,Japanese,60,"I am Yuzuru, I am 60 years old and I am Japanese"
Katya,Female,Russian,41,"I am Katya, I am 41 years old and I am Russian"
Heiress,Female,American,26,"I am Heiress, I am 26 years old and I am American"
Wolfgang,Male,German,50,"I am Wolfgang, I am 50 years old and I am German"
Grayer,Male,American,51,"I am Grayer, I am 51 years old and I am American"
Werner,Male,German,39,"I am Werner, I am 39 years old and I am German"
Fabrice,Male,French,55,"I am Fabrice, I am 55 years old and I am French"
Sincere,Male,American,23,"I am Sincere, I am 23 years old and I am American"
Darielle,Female,American,22,"I am Darielle, I am 22 years old and I am American"
Adolph,Male,German,26,"I am Adolph, I am 26 years old and I am German"
Adeoba,Male,African,64,"I am Adeoba, I am 64 years old and I am African"
Sautu,Male,African,63,"I am Sautu, I am 63 years old and I am African"
Leola,Female,American,26,"I am Leola, I am 26 years old and I am American"
Laurent,Male,French,62,"I am Laurent, I am 62 years old and I am French"
Emera,Female,German,57,"I am Emera, I am 57 years old and I am German"
Arine,Female,Japanese,25,"I am Arine, I am 25 years old and I am Japanese"
Mizu,Male,Japanese,45,"I am Mizu, I am 45 years old and I am Japanese"
Miku,Female,Japanese,46,"I am Miku, I am 46 years old and I am Japanese"
Broox,Male,American,35,"I am Broox, I am 35 years old and I am American"
Androw,Male,American,68,"I am Androw, I am 68 years old and I am American"
Nobuko,Female,Japanese,42,"I am Nobuko, I am 42 years old and I am Japanese"
Sachiko,Female,Japanese,41,"I am Sachiko, I am 41 years old and I am Japanese"
Shila,Female,Indian,48,"I am Shila, I am 48 years old and I am Indian"
Eleanor,Female,French,54,"I am Eleanor, I am 54 years old and I am French"
Akito,Male,Japanese,42,"I am Akito, I am 42 years old and I am Japanese"
Kifle,Female,African,41,"I am Kifle, I am 41 years old and I am African"
Nauricia,Female,American,27,"I am Nauricia, I am 27 years old and I am American"
Dionne,Female,French,44,"I am Dionne, I am 44 years old and I am French"
Ajani,Male,African,52,"I am Ajani, I am 52 years old and I am African"
Iwao,Male,Japanese,49,"I am Iwao, I am 49 years old and I am Japanese"
Garcelle,Female,American,34,"I am Garcelle, I am 34 years old and I am American"
Bernadine,Female,French,63,"I am Bernadine, I am 63 years old and I am French"
Sheela,Female,Indian,58,"I am Sheela, I am 58 years old and I am Indian"
Ceana,Female,American,68,"I am Ceana, I am 68 years old and I am American"
Davion,Male,American,29,"I am Davion, I am 29 years old and I am American"
Gervais,Male,French,64,"I am Gervais, I am 64 years old and I am French"
Heloise,Female,French,45,"I am Heloise, I am 45 years old and I am French"
Sarda,Female,American,34,"I am Sarda, I am 34 years old and I am American"
Christel,Female,American,62,"I am Christel, I am 62 years old and I am American"
Lorraine,Female,French,53,"I am Lorraine, I am 53 years old and I am French"
Jaquan,Male,American,56,"I am Jaquan, I am 56 years old and I am American"
Viktor,Male,Russian,64,"I am Viktor, I am 64 years old and I am Russian"
Muga,Male,Japanese,58,"I am Muga, I am 58 years old and I am Japanese"
Dare,Male,American,33,"I am Dare, I am 33 years old and I am American"
Sabiti,Male,African,54,"I am Sabiti, I am 54 years old and I am African"
Archie,Male,German,36,"I am Archie, I am 36 years old and I am German"
Sef,Male,German,47,"I am Sef, I am 47 years old and I am German"
Kaida,Female,Japanese,46,"I am Kaida, I am 46 years old and I am Japanese"
Ai,Female,Japanese,43,"I am Ai, I am 43 years old and I am Japanese"
Quillon,Male,French,25,"I am Quillon, I am 25 years old and I am French"
Siddhartha,Male,Indian,66,"I am Siddhartha, I am 66 years old and I am Indian"
Teisha,Female,American,50,"I am Teisha, I am 50 years old and I am American"
Zinaida,Female,Russian,34,"I am Zinaida, I am 34 years old and I am Russian"
Antoine,Male,French,29,"I am Antoine, I am 29 years old and I am French"
Hattie,Female,American,49,"I am Hattie, I am 49 years old and I am American"
Gunter,Male,German,37,"I am Gunter, I am 37 years old and I am German"
Anuja,Female,Indian,56,"I am Anuja, I am 56 years old and I am Indian"
Jerom,Male,American,66,"I am Jerom, I am 66 years old and I am American"
Tierre,Female,French,60,"I am Tierre, I am 60 years old and I am French"
Yuina,Female,Japanese,26,"I am Yuina, I am 26 years old and I am Japanese"
Urowo,Male,African,33,"I am Urowo, I am 33 years old and I am African"
Lang,Male,German,46,"I am Lang, I am 46 years old and I am German"
Arlen,Male,German,38,"I am Arlen, I am 38 years old and I am German"
Amiah,Female,American,35,"I am Amiah, I am 35 years old and I am American"
Glennis,Female,American,65,"I am Glennis, I am 65 years old and I am American"
Parvani,Female,Indian,58,"I am Parvani, I am 58 years old and I am Indian"
Diata,Male,African,41,"I am Diata, I am 41 years old and I am African"
Jevin,Male,American,60,"I am Jevin, I am 60 years old and I am American"
Rhory,Male,American,52,"I am Rhory, I am 52 years old and I am American"
Jeanine,Female,French,64,"I am Jeanine, I am 64 years old and I am French"
Shaan,Male,Indian,32,"I am Shaan, I am 32 years old and I am Indian"
Heidi,Female,German,35,"I am Heidi, I am 35 years old and I am German"
Hisaye,Female,Japanese,52,"I am Hisaye, I am 52 years old and I am Japanese"
Yoshiko,Female,Japanese,28,"I am Yoshiko, I am 28 years old and I am Japanese"
Fayola,Female,African,22,"I am Fayola, I am 22 years old and I am African"
Annica,Female,American,32,"I am Annica, I am 32 years old and I am American"
Brandee,Female,American,59,"I am Brandee, I am 59 years old and I am American"
Chikafusa,Male,Japanese,34,"I am Chikafusa, I am 34 years old and I am Japanese"
Michio,Male,Japanese,32,"I am Michio, I am 32 years old and I am Japanese"
Mael,Male,French,53,"I am Mael, I am 53 years old and I am French"
Dumi,Male,African,55,"I am Dumi, I am 55 years old and I am African"
Jayana,Female,American,25,"I am Jayana, I am 25 years old and I am American"
Jeannie,Female,French,44,"I am Jeannie, I am 44 years old and I am French"
Devonte,Male,American,55,"I am Devonte, I am 55 years old and I am American"
Masaru,Male,Japanese,40,"I am Masaru, I am 40 years old and I am Japanese"
Dhaval,Male,Indian,51,"I am Dhaval, I am 51 years old and I am Indian"
Didrika,Female,German,28,"I am Didrika, I am 28 years old and I am German"
Yoruba,Female,African,30,"I am Yoruba, I am 30 years old and I am African"
Donda,Female,American,43,"I am Donda, I am 43 years old and I am American"
Ansgar,Male,German,23,"I am Ansgar, I am 23 years old and I am German"
Haruna,Female,Japanese,33,"I am Haruna, I am 33 years old and I am Japanese"
Adeniyi,Female,African,22,"I am Adeniyi, I am 22 years old and I am African"
Masahiro,Male,Japanese,52,"I am Masahiro, I am 52 years old and I am Japanese"
Nomalanga,Female,African,47,"I am Nomalanga, I am 47 years old and I am African"
Kal-el,Male,American,28,"I am Kal-el, I am 28 years old and I am American"
Kazi,Male,African,33,"I am Kazi, I am 33 years old and I am African"
Mineyo,Female,Japanese,62,"I am Mineyo, I am 62 years old and I am Japanese"
Audra,Female,American,40,"I am Audra, I am 40 years old and I am American"
Nakendra,Female,American,66,"I am Nakendra, I am 66 years old and I am American"
Brinda,Female,Indian,40,"I am Brinda, I am 40 years old and I am Indian"
Jobeth,Female,American,46,"I am Jobeth, I am 46 years old and I am American"
Velan,Male,American,23,"I am Velan, I am 23 years old and I am American"
Jira,Female,African,27,"I am Jira, I am 27 years old and I am African"
Jennaya,Female,American,37,"I am Jennaya, I am 37 years old and I am American"
Kailyn,Female,American,42,"I am Kailyn, I am 42 years old and I am American"
Treyten,Male,American,46,"I am Treyten, I am 46 years old and I am American"
Barny,Male,German,54,"I am Barny, I am 54 years old and I am German"
Wind,Female,American,30,"I am Wind, I am 30 years old and I am American"
Krystal,Female,American,22,"I am Krystal, I am 22 years old and I am American"
Margaux,Female,French,64,"I am Margaux, I am 64 years old and I am French"
Jaeger,Male,German,27,"I am Jaeger, I am 27 years old and I am German"
Nocturna,Female,American,34,"I am Nocturna, I am 34 years old and I am American"
Ringo,Male,Japanese,56,"I am Ringo, I am 56 years old and I am Japanese"
Jakayla,Female,American,54,"I am Jakayla, I am 54 years old and I am American"
Sebastien,Male,French,53,"I am Sebastien, I am 53 years old and I am French"
Jace,Male,American,48,"I am Jace, I am 48 years old and I am American"
Kamau,Male,African,27,"I am Kamau, I am 27 years old and I am African"
Griselda,Female,German,60,"I am Griselda, I am 60 years old and I am German"
Ade,Male,African,43,"I am Ade, I am 43 years old and I am African"
Alezae,Female,French,65,"I am Alezae, I am 65 years old and I am French"
Blissany,Female,American,44,"I am Blissany, I am 44 years old and I am American"
Chiho,Female,Japanese,41,"I am Chiho, I am 41 years old and I am Japanese"
Renessa,Female,American,34,"I am Renessa, I am 34 years old and I am American"
Guillaume,Male,French,24,"I am Guillaume, I am 24 years old and I am French"
Jayin,Male,Indian,68,"I am Jayin, I am 68 years old and I am Indian"
Arnola,Female,American,40,"I am Arnola, I am 40 years old and I am American"
Azuka,Female,African,29,"I am Azuka, I am 29 years old and I am African"
Subrahmanyan,Male,Indian,25,"I am Subrahmanyan, I am 25 years old and I am Indian"
Chicha,Male,African,35,"I am Chicha, I am 35 years old and I am African"
Chiyoko,Female,Japanese,66,"I am Chiyoko, I am 66 years old and I am Japanese"
Iyeshia,Female,American,52,"I am Iyeshia, I am 52 years old and I am American"
Egor,Male,Russian,55,"I am Egor, I am 55 years old and I am Russian"
Pyotr,Male,Russian,61,"I am Pyotr, I am 61 years old and I am Russian"
Charisse,Female,French,54,"I am Charisse, I am 54 years old and I am French"
Marcheline,Female,French,52,"I am Marcheline, I am 52 years old and I am French"
Kazou,Male,Japanese,31,"I am Kazou, I am 31 years old and I am Japanese"
Natsuko,Female,Japanese,58,"I am Natsuko, I am 58 years old and I am Japanese"
Kiyono,Female,Japanese,26,"I am Kiyono, I am 26 years old and I am Japanese"
Senwe,Male,African,30,"I am Senwe, I am 30 years old and I am African"
Kita,Female,Japanese,31,"I am Kita, I am 31 years old and I am Japanese"
Jenibelle,Female,American,68,"I am Jenibelle, I am 68 years old and I am American"
Panchali,Female,Indian,50,"I am Panchali, I am 50 years old and I am Indian"
Priyanka,Female,Indian,30,"I am Priyanka, I am 30 years old and I am Indian"
Arata,Male,Japanese,35,"I am Arata, I am 35 years old and I am Japanese"
Milena,Female,Russian,38,"I am Milena, I am 38 years old and I am Russian"
Sharis,Female,American,50,"I am Sharis, I am 50 years old and I am American"
Ndoki,Male,African,37,"I am Ndoki, I am 37 years old and I am African"
Takashia,Male,Japanese,54,"I am Takashia, I am 54 years old and I am Japanese"
Yamir,Male,Indian,68,"I am Yamir, I am 68 years old and I am Indian"
Quiana,Female,American,65,"I am Quiana, I am 65 years old and I am American"
Keelia,Female,American,27,"I am Keelia, I am 27 years old and I am American"
Mariko,Female,Japanese,68,"I am Mariko, I am 68 years old and I am Japanese"
Kert,Male,American,30,"I am Kert, I am 30 years old and I am American"
Zula,Female,African,53,"I am Zula, I am 53 years old and I am African"
Symona,Female,American,40,"I am Symona, I am 40 years old and I am American"
Abelard,Male,French,36,"I am Abelard, I am 36 years old and I am French"
Duval,Male,French,68,"I am Duval, I am 68 years old and I am French"
Chahna,Female,Indian,58,"I am Chahna, I am 58 years old and I am Indian"
Ninarika,Female,Indian,49,"I am Ninarika, I am 49 years old and I am Indian"
Wataru,Male,Japanese,45,"I am Wataru, I am 45 years old and I am Japanese"
Gautier,Male,French,36,"I am Gautier, I am 36 years old and I am French"
Sorina,Female,American,27,"I am Sorina, I am 27 years old and I am American"
Ignatz,Male,German,25,"I am Ignatz, I am 25 years old and I am German"
Ryoichi,Male,Japanese,68,"I am Ryoichi, I am 68 years old and I am Japanese"
Miwa,Female,Japanese,42,"I am Miwa, I am 42 years old and I am Japanese"
Daijiro,Male,Japanese,64,"I am Daijiro, I am 64 years old and I am Japanese"
Fukiko,Female,Japanese,22,"I am Fukiko, I am 22 years old and I am Japanese"
Soleil,Female,French,29,"I am Soleil, I am 29 years old and I am French"
Chantel,Female,French,45,"I am Chantel, I am 45 years old and I am French"
Karla,Female,German,45,"I am Karla, I am 45 years old and I am German"
Jeneal,Female,American,24,"I am Jeneal, I am 24 years old and I am American"
Leoma,Female,American,22,"I am Leoma, I am 22 years old and I am American"
Barack,Male,African,48,"I am Barack, I am 48 years old and I am African"
Kazuyuki,Male,Japanese,33,"I am Kazuyuki, I am 33 years old and I am Japanese"
Josie,Female,American,25,"I am Josie, I am 25 years old and I am American"
Pavani,Female,Indian,31,"I am Pavani, I am 31 years old and I am Indian"
Arav,Male,Indian,68,"I am Arav, I am 68 years old and I am Indian"
Diallo,Male,African,39,"I am Diallo, I am 39 years old and I am African"
Josef,Male,German,41,"I am Josef, I am 41 years old and I am German"
Ugra,Male,Indian,52,"I am Ugra, I am 52 years old and I am Indian"
Lucien,Male,French,34,"I am Lucien, I am 34 years old and I am French"
Falk,Male,German,49,"I am Falk, I am 49 years old and I am German"
Sala,Female,African,55,"I am Sala, I am 55 years old and I am African"
Naoko,Female,Japanese,28,"I am Naoko, I am 28 years old and I am Japanese"
Kaelem,Male,American,64,"I am Kaelem, I am 64 years old and I am American"
Nayati,Male,Indian,49,"I am Nayati, I am 49 years old and I am Indian"
Keyah,Female,African,30,"I am Keyah, I am 30 years old and I am African"
Anais,Female,French,67,"I am Anais, I am 67 years old and I am French"
Uwizeye,Male,African,50,"I am Uwizeye, I am 50 years old and I am African"
Kuro,Male,Japanese,22,"I am Kuro, I am 22 years old and I am Japanese"
Katsuro,Male,Japanese,27,"I am Katsuro, I am 27 years old and I am Japanese"
Seanna,Female,American,64,"I am Seanna, I am 64 years old and I am American"
Natala,Female,American,60,"I am Natala, I am 60 years old and I am American"
Utcha,Male,Indian,49,"I am Utcha, I am 49 years old and I am Indian"
Niyati,Female,Indian,64,"I am Niyati, I am 64 years old and I am Indian"
Chikondi,Female,African,34,"I am Chikondi, I am 34 years old and I am African"
Edsel,Male,German,46,"I am Edsel, I am 46 years old and I am German"
Masakazu,Male,Japanese,27,"I am Masakazu, I am 27 years old and I am Japanese"
Badru,Male,African,65,"I am Badru, I am 65 years old and I am African"
Ermias,Male,African,49,"I am Ermias, I am 49 years old and I am African"
Novalise,Female,American,60,"I am Novalise, I am 60 years old and I am American"
Tavarius,Male,American,35,"I am Tavarius, I am 35 years old and I am American"
Nicolette,Female,French,47,"I am Nicolette, I am 47 years old and I am French"
Ayanna,Female,African,22,"I am Ayanna, I am 22 years old and I am African"
Lise,Female,German,61,"I am Lise, I am 61 years old and I am German"
Washi,Male,Japanese,39,"I am Washi, I am 39 years old and I am Japanese"
Ryuunosuke,Male,Japanese,53,"I am Ryuunosuke, I am 53 years old and I am Japanese"
Chogan,Male,American,62,"I am Chogan, I am 62 years old and I am American"
Tyrese,Male,American,45,"I am Tyrese, I am 45 years old and I am American"
Amarante,Female,Japanese,60,"I am Amarante, I am 60 years old and I am Japanese"
Deandra,Female,American,22,"I am Deandra, I am 22 years old and I am American"
Trakiala,Female,American,49,"I am Trakiala, I am 49 years old and I am American"
Bayleigh,Female,American,42,"I am Bayleigh, I am 42 years old and I am American"
Olympe,Female,French,50,"I am Olympe, I am 50 years old and I am French"
Kimber,Female,American,60,"I am Kimber, I am 60 years old and I am American"
Janeth,Female,American,52,"I am Janeth, I am 52 years old and I am American"
Gennadiy,Male,Russian,67,"I am Gennadiy, I am 67 years old and I am Russian"
Mine,Female,Japanese,44,"I am Mine, I am 44 years old and I am Japanese"
François,Male,French,58,"I am François, I am 58 years old and I am French"
Dorie,Female,American,27,"I am Dorie, I am 27 years old and I am American"
Javana,Male,Indian,47,"I am Javana, I am 47 years old and I am Indian"
Nimeesha,Female,African,23,"I am Nimeesha, I am 23 years old and I am African"
Novak,Male,German,68,"I am Novak, I am 68 years old and I am German"
Jabilo,Male,African,38,"I am Jabilo, I am 38 years old and I am African"
Audeia,Female,American,31,"I am Audeia, I am 31 years old and I am American"
Masanobu,Male,Japanese,63,"I am Masanobu, I am 63 years old and I am Japanese"
Colombe,Female,French,34,"I am Colombe, I am 34 years old and I am French"
Lasharon,Female,American,68,"I am Lasharon, I am 68 years old and I am American"
Itachi,Male,Japanese,42,"I am Itachi, I am 42 years old and I am Japanese"
Kimi,Female,Japanese,62,"I am Kimi, I am 62 years old and I am Japanese"
Carrie,Female,American,29,"I am Carrie, I am 29 years old and I am American"
Nixie,Female,German,57,"I am Nixie, I am 57 years old and I am German"
Andeana,Female,American,42,"I am Andeana, I am 42 years old and I am American"
Matteus,Male,American,60,"I am Matteus, I am 60 years old and I am American"
Visala,Female,Indian,47,"I am Visala, I am 47 years old and I am Indian"
Julisha,Female,American,24,"I am Julisha, I am 24 years old and I am American"
Kaveri,Female,Indian,28,"I am Kaveri, I am 28 years old and I am Indian"
Gaurav,Male,Indian,29,"I am Gaurav, I am 29 years old and I am Indian"
Kerryn,Female,American,56,"I am Kerryn, I am 56 years old and I am American"
Bud,Male,American,52,"I am Bud, I am 52 years old and I am American"
Kayode,Male,African,60,"I am Kayode, I am 60 years old and I am African"
Yoshiaki,Male,Japanese,60,"I am Yoshiaki, I am 60 years old and I am Japanese"
Tanuja,Female,Indian,32,"I am Tanuja, I am 32 years old and I am Indian"
Alagan,Male,Indian,45,"I am Alagan, I am 45 years old and I am Indian"
Durand,Male,French,33,"I am Durand, I am 33 years old and I am French"
Bryanne,Female,American,22,"I am Bryanne, I am 22 years old and I am American"
Yul,Male,Russian,51,"I am Yul, I am 51 years old and I am Russian"
Rajsaun,Male,American,33,"I am Rajsaun, I am 33 years old and I am American"
Dessa,Female,Russian,63,"I am Dessa, I am 63 years old and I am Russian"
Susumu,Male,Japanese,53,"I am Susumu, I am 53 years old and I am Japanese"
Angelique,Female,French,26,"I am Angelique, I am 26 years old and I am French"
Asayo,Female,Japanese,38,"I am Asayo, I am 38 years old and I am Japanese"
Geralyn,Female,American,52,"I am Geralyn, I am 52 years old and I am American"
Ngendo,Female,African,28,"I am Ngendo, I am 28 years old and I am African"
Masato,Male,Japanese,53,"I am Masato, I am 53 years old and I am Japanese"
Kanji,Male,Japanese,67,"I am Kanji, I am 67 years old and I am Japanese"
Tyreek,Male,American,35,"I am Tyreek, I am 35 years old and I am American"
Daniil,Male,Russian,62,"I am Daniil, I am 62 years old and I am Russian"
Hansa,Female,Indian,61,"I am Hansa, I am 61 years old and I am Indian"
Randilyn,Female,American,35,"I am Randilyn, I am 35 years old and I am American"
Trusha,Female,Indian,66,"I am Trusha, I am 66 years old and I am Indian"
Alida,Female,German,55,"I am Alida, I am 55 years old and I am German"
Sezja,Female,Russian,61,"I am Sezja, I am 61 years old and I am Russian"
Kazuki,Male,Japanese,56,"I am Kazuki, I am 56 years old and I am Japanese"
Nzitunga,Male,African,31,"I am Nzitunga, I am 31 years old and I am African"
Susanne,Female,American,55,"I am Susanne, I am 55 years old and I am American"
Aniya,Female,American,66,"I am Aniya, I am 66 years old and I am American"
Ko,Male,Japanese,47,"I am Ko, I am 47 years old and I am Japanese"
Anatole,Male,French,24,"I am Anatole, I am 24 years old and I am French"
Kuval,Male,Indian,22,"I am Kuval, I am 22 years old and I am Indian"
Chrysanthe,Female,French,60,"I am Chrysanthe, I am 60 years old and I am French"
Roep,Male,American,41,"I am Roep, I am 41 years old and I am American"
Denis,Male,French,29,"I am Denis, I am 29 years old and I am French"
Zoob,Male,African,63,"I am Zoob, I am 63 years old and I am African"
Keyanna,Female,American,29,"I am Keyanna, I am 29 years old and I am American"
Gwenael,Male,French,56,"I am Gwenael, I am 56 years old and I am French"
Panyin,Female,African,64,"I am Panyin, I am 64 years old and I am African"
Ryann,Female,American,67,"I am Ryann, I am 67 years old and I am American"
Lata,Female,Indian,58,"I am Lata, I am 58 years old and I am Indian"
Sugar,Female,American,63,"I am Sugar, I am 63 years old and I am American"
Barke,Male,African,36,"I am Barke, I am 36 years old and I am African"
Brye,Female,American,35,"I am Brye, I am 35 years old and I am American"
Jagannath,Male,Indian,62,"I am Jagannath, I am 62 years old and I am Indian"
Lisette,Female,French,52,"I am Lisette, I am 52 years old and I am French"
Naruto,Male,Japanese,60,"I am Naruto, I am 60 years old and I am Japanese"
Akinori,Male,Japanese,31,"I am Akinori, I am 31 years old and I am Japanese"
Seiji,Male,Japanese,38,"I am Seiji, I am 38 years old and I am Japanese"
Vova,Female,Russian,51,"I am Vova, I am 51 years old and I am Russian"
Celous,Male,American,61,"I am Celous, I am 61 years old and I am American"
Gaspard,Male,French,40,"I am Gaspard, I am 40 years old and I am French"
Omanand,Male,Indian,31,"I am Omanand, I am 31 years old and I am Indian"
Heinz,Male,German,67,"I am Heinz, I am 67 years old and I am German"
Jaela,Female,American,27,"I am Jaela, I am 27 years old and I am American"
Desiree,Female,French,59,"I am Desiree, I am 59 years old and I am French"
Fusao,Male,Japanese,56,"I am Fusao, I am 56 years old and I am Japanese"
Nobu,Male,Japanese,49,"I am Nobu, I am 49 years old and I am Japanese"
Olaniyi,Female,African,64,"I am Olaniyi, I am 64 years old and I am African"
Farica,Female,German,30,"I am Farica, I am 30 years old and I am German"
Morowa,Female,African,65,"I am Morowa, I am 65 years old and I am African"
Minze,Male,German,49,"I am Minze, I am 49 years old and I am German"
Ansleigh,Female,American,32,"I am Ansleigh, I am 32 years old and I am American"
Diedrick,Male,German,24,"I am Diedrick, I am 24 years old and I am German"
Kavon,Male,American,35,"I am Kavon, I am 35 years old and I am American"
Latrell,Male,American,40,"I am Latrell, I am 40 years old and I am American"
Jenielle,Female,American,24,"I am Jenielle, I am 24 years old and I am American"
Raghu,Male,Indian,57,"I am Raghu, I am 57 years old and I am Indian"
Kaede,Female,Japanese,49,"I am Kaede, I am 49 years old and I am Japanese"
Aiko,Female,Japanese,26,"I am Aiko, I am 26 years old and I am Japanese"
Dillinger,Male,German,63,"I am Dillinger, I am 63 years old and I am German"
Pascal,Male,French,61,"I am Pascal, I am 61 years old and I am French"
Hilde,Female,French,50,"I am Hilde, I am 50 years old and I am French"
Andrina,Female,American,57,"I am Andrina, I am 57 years old and I am American"
Juliette,Female,French,42,"I am Juliette, I am 42 years old and I am French"
Agrata,Female,Indian,43,"I am Agrata, I am 43 years old and I am Indian"
Didier,Male,French,24,"I am Didier, I am 24 years old and I am French"
Ivana,Female,Russian,22,"I am Ivana, I am 22 years old and I am Russian"
Sava,Male,Russian,50,"I am Sava, I am 50 years old and I am Russian"
Soji,Male,Japanese,27,"I am Soji, I am 27 years old and I am Japanese"
Henrike,Female,German,36,"I am Henrike, I am 36 years old and I am German"
Darrion,Male,American,43,"I am Darrion, I am 43 years old and I am American"
Slate,Male,American,58,"I am Slate, I am 58 years old and I am American"
Ilom,Male,African,53,"I am Ilom, I am 53 years old and I am African"
Amish,Male,Indian,37,"I am Amish, I am 37 years old and I am Indian"
Dewitt,Male,German,24,"I am Dewitt, I am 24 years old and I am German"
Anuj,Male,Indian,26,"I am Anuj, I am 26 years old and I am Indian"
Eljah,Male,American,63,"I am Eljah, I am 63 years old and I am American"
Bansi,Male,Indian,52,"I am Bansi, I am 52 years old and I am Indian"
Kanoro,Male,African,44,"I am Kanoro, I am 44 years old and I am African"
Joji,Male,Japanese,61,"I am Joji, I am 61 years old and I am Japanese"
Gaston,Male,French,39,"I am Gaston, I am 39 years old and I am French"
Nitara,Female,Indian,40,"I am Nitara, I am 40 years old and I am Indian"
Keyshawn,Male,American,58,"I am Keyshawn, I am 58 years old and I am American"
Neoma,Female,American,36,"I am Neoma, I am 36 years old and I am American"
Veronique,Female,French,41,"I am Veronique, I am 41 years old and I am French"
Kimiye,Female,Japanese,28,"I am Kimiye, I am 28 years old and I am Japanese"
Crayton,Male,American,43,"I am Crayton, I am 43 years old and I am American"
Tewelde,Male,African,28,"I am Tewelde, I am 28 years old and I am African"
Sarika,Female,Indian,31,"I am Sarika, I am 31 years old and I am Indian"
Kusuma,Female,Indian,60,"I am Kusuma, I am 60 years old and I am Indian"
Oleta,Female,American,63,"I am Oleta, I am 63 years old and I am American"
Ogbe,Male,African,34,"I am Ogbe, I am 34 years old and I am African"
Etsuko,Female,Japanese,65,"I am Etsuko, I am 65 years old and I am Japanese"
Atsuo,Male,Japanese,31,"I am Atsuo, I am 31 years old and I am Japanese"
Sabin,Male,French,54,"I am Sabin, I am 54 years old and I am French"
Momoye,Female,Japanese,42,"I am Momoye, I am 42 years old and I am Japanese"
Jovelyn,Female,American,35,"I am Jovelyn, I am 35 years old and I am American"
Akhil,Male,Indian,30,"I am Akhil, I am 30 years old and I am Indian"
Kirtana,Female,Indian,22,"I am Kirtana, I am 22 years old and I am Indian"
Crue,Male,French,28,"I am Crue, I am 28 years old and I am French"
Hokona,Female,Japanese,51,"I am Hokona, I am 51 years old and I am Japanese"
Fannie,Female,American,32,"I am Fannie, I am 32 years old and I am American"
Brettney,Female,American,58,"I am Brettney, I am 58 years old and I am American"
Svara,Female,Indian,51,"I am Svara, I am 51 years old and I am Indian"
Shanta,Female,Indian,31,"I am Shanta, I am 31 years old and I am Indian"
Kaydence,Female,American,65,"I am Kaydence, I am 65 years old and I am American"
Morty,Male,French,23,"I am Morty, I am 23 years old and I am French"
Hasika,Female,Indian,22,"I am Hasika, I am 22 years old and I am Indian"
Tywin,Male,American,31,"I am Tywin, I am 31 years old and I am American"
Yuka,Female,Japanese,28,"I am Yuka, I am 28 years old and I am Japanese"
Vyacheslav,Male,Russian,51,"I am Vyacheslav, I am 51 years old and I am Russian"
Katsunori,Male,Japanese,35,"I am Katsunori, I am 35 years old and I am Japanese"
Elroy,Male,French,63,"I am Elroy, I am 63 years old and I am French"
Anakin,Male,American,63,"I am Anakin, I am 63 years old and I am American"
Joni,Female,American,49,"I am Joni, I am 49 years old and I am American"
Shaurya,Male,Indian,22,"I am Shaurya, I am 22 years old and I am Indian"
Osamu,Male,Japanese,60,"I am Osamu, I am 60 years old and I am Japanese"
Rohit,Male,Indian,29,"I am Rohit, I am 29 years old and I am Indian"
Sachiyo,Female,Japanese,53,"I am Sachiyo, I am 53 years old and I am Japanese"
Malloren,Female,American,66,"I am Malloren, I am 66 years old and I am American"
Mojil,Male,Indian,67,"I am Mojil, I am 67 years old and I am Indian"
Sherlyn,Female,American,38,"I am Sherlyn, I am 38 years old and I am American"
Yosuke,Male,Japanese,29,"I am Yosuke, I am 29 years old and I am Japanese"
Chrishauna,Female,American,52,"I am Chrishauna, I am 52 years old and I am American"
Wilhelm,Male,German,57,"I am Wilhelm, I am 57 years old and I am German"
Mirabelle,Female,French,44,"I am Mirabelle, I am 44 years old and I am French"
Amelie,Female,French,38,"I am Amelie, I am 38 years old and I am French"
Kwabena,Male,African,51,"I am Kwabena, I am 51 years old and I am African"
Brycen,Male,American,36,"I am Brycen, I am 36 years old and I am American"
Maikulu,Female,African,47,"I am Maikulu, I am 47 years old and I am African"
Toshio,Male,Japanese,50,"I am Toshio, I am 50 years old and I am Japanese"
Kwende,Male,African,48,"I am Kwende, I am 48 years old and I am African"
Ashwin,Male,Indian,38,"I am Ashwin, I am 38 years old and I am Indian"
Jazelle,Female,American,38,"I am Jazelle, I am 38 years old and I am American"
Innokentiy,Male,Russian,58,"I am Innokentiy, I am 58 years old and I am Russian"
Orwa,Male,African,51,"I am Orwa, I am 51 years old and I am African"
Daisuke,Male,Japanese,31,"I am Daisuke, I am 31 years old and I am Japanese"
Leontine,Female,French,36,"I am Leontine, I am 36 years old and I am French"
Indra,Male,Indian,68,"I am Indra, I am 68 years old and I am Indian"
Colandra,Female,American,27,"I am Colandra, I am 27 years old and I am American"
Akua,Male,African,29,"I am Akua, I am 29 years old and I am African"
Pravar,Male,Indian,42,"I am Pravar, I am 42 years old and I am Indian"
Uttara,Female,Indian,39,"I am Uttara, I am 39 years old and I am Indian"
Lakshmana,Male,Indian,67,"I am Lakshmana, I am 67 years old and I am Indian"
Hannelore,Female,German,52,"I am Hannelore, I am 52 years old and I am German"
Hakizimana,Male,African,26,"I am Hakizimana, I am 26 years old and I am African"
Deshawn,Male,American,50,"I am Deshawn, I am 50 years old and I am American"
Allete,Female,French,59,"I am Allete, I am 59 years old and I am French"
Winterlynn,Female,American,56,"I am Winterlynn, I am 56 years old and I am American"
Abhay,Male,Indian,35,"I am Abhay, I am 35 years old and I am Indian"
Duel,Male,American,33,"I am Duel, I am 33 years old and I am American"
Calissa,Female,American,52,"I am Calissa, I am 52 years old and I am American"
Shanetha,Female,American,26,"I am Shanetha, I am 26 years old and I am American"
Camara,Male,African,58,"I am Camara, I am 58 years old and I am African"
Lysa,Female,American,48,"I am Lysa, I am 48 years old and I am American"
Celine,Female,French,42,"I am Celine, I am 42 years old and I am French"
Charlize,Female,French,45,"I am Charlize, I am 45 years old and I am French"
Ilori,Male,African,41,"I am Ilori, I am 41 years old and I am African"
Kaemon,Male,Japanese,30,"I am Kaemon, I am 30 years old and I am Japanese"
Gabryle,Male,American,22,"I am Gabryle, I am 22 years old and I am American"
Koko,Female,Japanese,62,"I am Koko, I am 62 years old and I am Japanese"
Karan,Male,Indian,60,"I am Karan, I am 60 years old and I am Indian"
Ine,Female,Japanese,48,"I am Ine, I am 48 years old and I am Japanese"
Janelle,Female,American,54,"I am Janelle, I am 54 years old and I am American"
Mayu,Female,Japanese,67,"I am Mayu, I am 67 years old and I am Japanese"
Silvain,Male,French,66,"I am Silvain, I am 66 years old and I am French"
Ritsuko,Female,Japanese,55,"I am Ritsuko, I am 55 years old and I am Japanese"
Hotaka,Male,Japanese,45,"I am Hotaka, I am 45 years old and I am Japanese"
Hideyuki,Male,Japanese,63,"I am Hideyuki, I am 63 years old and I am Japanese"
Evalyse,Female,American,47,"I am Evalyse, I am 47 years old and I am American"
Alikae,Female,American,47,"I am Alikae, I am 47 years old and I am American"
Arnav,Male,Indian,31,"I am Arnav, I am 31 years old and I am Indian"
Creed,Male,American,65,"I am Creed, I am 65 years old and I am American"
Jazlynn,Female,American,43,"I am Jazlynn, I am 43 years old and I am American"
Kato,Male,African,47,"I am Kato, I am 47 years old and I am African"
Georgiy,Male,Russian,65,"I am Georgiy, I am 65 years old and I am Russian"
Obert,Male,French,68,"I am Obert, I am 68 years old and I am French"
Lacole,Female,American,23,"I am Lacole, I am 23 years old and I am American"
Minowa,Male,Japanese,50,"I am Minowa, I am 50 years old and I am Japanese"
Nanda,Female,Indian,26,"I am Nanda, I am 26 years old and I am Indian"
Shanda,Female,American,40,"I am Shanda, I am 40 years old and I am American"
Maeko,Female,Japanese,56,"I am Maeko, I am 56 years old and I am Japanese"
Clarimonde,Female,German,26,"I am Clarimonde, I am 26 years old and I am German"
Ayaan,Male,Indian,62,"I am Ayaan, I am 62 years old and I am Indian"
Kirstine,Female,American,42,"I am Kirstine, I am 42 years old and I am American"
Jariath,Male,American,27,"I am Jariath, I am 27 years old and I am American"
Nomasonto,Female,African,52,"I am Nomasonto, I am 52 years old and I am African"
Pranet,Male,Indian,44,"I am Pranet, I am 44 years old and I am Indian"
Akio,Male,Japanese,62,"I am Akio, I am 62 years old and I am Japanese"
Sonny,Male,American,26,"I am Sonny, I am 26 years old and I am American"
